time,acc.x_y,acc.y_y,acc.z_y,gyro.x_y,gyro.y_y,gyro.z_y,,time,x acc,acc.z_y,gyro.z_y
4271351,0.059658188,0.015158625,1.02900207,140.4320374,-9.455338478,-5.972327232,,4.271351,59.65818837,1.02900207,-5.972327232
4271451,-0.121098958,0.072265372,0.995312989,-203.6107483,-67.72959137,-62.89575958,,4.271451,-121.098958,0.995312989,-62.89575958
4271551,0.00215334,-0.058542661,1.058351636,152.2211609,60.34812164,-0.894081712,,4.271551,2.153340261,1.058351636,-0.894081712
4271651,0.050792716,0.16386202,1.048076749,7.633495331,23.92965698,12.64119339,,4.271651,50.79271644,1.048076749,12.64119339
4271751,0.081014946,0.030290555,1.090076804,-69.59564972,-21.95625305,9.394964218,,4.271751,81.0149461,1.090076804,9.394964218
4271851,-0.072693996,0.012976731,1.00499177,1.516813159,19.94730568,4.020675182,,4.271851,-72.69399613,1.00499177,4.020675182
4271951,-0.009944932,0.031589773,0.934052169,15.94056511,3.376270533,4.750607014,,4.271951,-9.944931604,0.934052169,4.750607014
4272051,0.057125345,0.168144971,1.000735641,5.832903862,-5.334757328,3.621194601,,4.272051,57.12534487,1.000735641,3.621194601
4272151,0.011200517,0.169643492,1.007452607,-22.86623955,-22.83675194,7.907569885,,4.272151,11.20051742,1.007452607,7.907569885
4272251,-0.156467378,0.024838505,0.908709705,-25.9491272,18.62033653,9.54127121,,4.272251,-156.4673781,0.908709705,9.54127121
4272351,-0.249851093,-0.051400103,0.945781827,9.2508955,-13.80825424,2.798923492,,4.272351,-249.8510927,0.945781827,2.798923492
4272451,-0.043890614,0.221877024,1.131461859,3.362760782,-20.35201645,13.7664566,,4.272451,-43.89061406,1.131461859,13.7664566
4272551,-0.073114067,0.092835739,1.204011321,2.167996407,12.11125278,5.027970314,,4.272551,-73.11406732,1.204011321,5.027970314
4272651,0.054792736,-0.264530778,1.084693074,1.030935049,-2.677763462,-9.065223694,,4.272651,54.79273573,1.084693074,-9.065223694
4272751,-0.030777114,0.354194641,1.018250823,-7.021428585,1.999722958,-13.89018726,,4.272751,-30.77711351,1.018250823,-13.89018726
4272851,0.02523776,0.49575752,1.104461551,-2.242716789,-11.13827419,-10.21057224,,4.272851,25.23775958,1.104461551,-10.21057224
4272951,-0.162239388,0.206488445,0.99726218,-1.78078568,-11.98588085,-5.912503719,,4.272951,-162.2393876,0.99726218,-5.912503719
4273051,-0.062439814,-0.102384187,1.017976046,-6.04512167,2.672751188,-1.635858297,,4.273051,-62.43981421,1.017976046,-1.635858297
4273151,-0.313512385,0.027112857,0.883641124,-4.026092529,-3.608887434,-0.26032266,,4.273151,-313.5123849,0.883641124,-0.26032266
4273251,-0.09991125,0.09194205,0.928342223,-4.178338051,-1.249701858,1.308611989,,4.273251,-99.91125017,0.928342223,1.308611989
4273351,-0.055120774,0.098356053,0.98017329,-19.16890144,0.662206292,-0.456872881,,4.273351,-55.12077361,0.98017329,-0.456872881
4273451,0.104219705,-0.210370913,1.059314013,-9.504984856,3.617156029,2.983276367,,4.273451,104.2197049,1.059314013,2.983276367
4273551,0.012607494,-0.082390934,0.933035731,-9.882268906,-0.512195349,2.488719702,,4.273551,12.60749437,0.933035731,2.488719702
4273651,0.031006219,0.452943623,1.073927283,-10.65352821,4.35544157,2.56671834,,4.273651,31.00621887,1.073927283,2.56671834
4273751,0.00239488,-0.378203541,1.075672269,32.12889481,1.307570338,0.902863443,,4.273751,2.394879935,1.075672269,0.902863443
4273851,-0.158926278,-0.055612329,0.94645071,38.61867905,-6.367560863,1.965019345,,4.273851,-158.9262784,0.94645071,1.965019345
4273951,0.051952019,-0.005289227,0.974186719,170.4130096,-67.80310059,0.210340321,,4.273951,51.95201933,0.974186719,0.210340321
4274051,-0.088778786,0.302328318,0.932804942,-52.30059814,7.019691467,2.425080299,,4.274051,-88.77878636,0.932804942,2.425080299
4274151,0.07575345,0.250846565,1.039683819,-23.94035339,6.715461731,0.718083024,,4.274151,75.75345039,1.039683819,0.718083024
4274251,-0.033400837,-0.1512101,1.012369037,-24.9915657,17.80404854,-0.553291619,,4.274251,-33.40083733,1.012369037,-0.553291619
4274351,-0.016160011,-0.130094782,0.959568203,-17.60257912,10.69719982,-0.13547042,,4.274351,-16.16001129,0.959568203,-0.13547042
4274451,0.057781003,0.108561717,0.939726472,-12.96538067,6.138358116,0.513291836,,4.274451,57.78100342,0.939726472,0.513291836
4274551,0.006423253,0.017489841,0.828741789,-5.542921066,1.752863646,1.246557355,,4.274551,6.423252635,0.828741789,1.246557355
4274651,0.009979851,0.025730282,0.766078353,-3.172592402,2.027098179,-0.029939521,,4.274651,9.979850613,0.766078353,-0.029939521
4274751,-0.0319352,-0.001396226,0.797522247,-2.209956884,-1.155754447,-1.074014664,,4.274751,-31.9352001,0.797522247,-1.074014664
4274851,-0.040517021,-0.014940686,0.875467956,-46.13380814,1.589784861,-2.812337399,,4.274851,-40.51702097,0.875467956,-2.812337399
4274951,0.154370472,-0.06476371,1.142932415,-46.13896561,7.5532794,-0.240012318,,4.274951,154.3704718,1.142932415,-0.240012318
4275051,0.069468804,0.005187734,1.034406662,-0.569063485,8.227815628,3.264764071,,4.275051,69.4688037,1.034406662,3.264764071
4275151,0.027957629,0.007386347,1.027248025,9.010608673,-9.8562994,0.068724468,,4.275151,27.95762941,1.027248025,0.068724468
4275251,-0.006127205,-0.029333154,0.98118633,31.40124893,-7.416653633,-0.991659701,,4.275251,-6.127205212,0.98118633,-0.991659701
4275351,0.112369247,0.026152864,0.928946376,115.0941162,-30.24571991,0.249282241,,4.275351,112.3692468,0.928946376,0.249282241
4275451,0.009224711,0.031218182,0.966874778,-36.73251343,10.15301609,2.445955992,,4.275451,9.224710986,0.966874778,2.445955992
4275551,0.011717787,0.009049208,0.956864536,-18.65375328,-4.146231651,1.447485209,,4.275551,11.71778701,0.956864536,1.447485209
4275651,0.014297435,-0.038370136,0.898207188,-16.77582169,14.19260693,1.480763316,,4.275651,14.29743506,0.898207188,1.480763316
4275751,-0.045483738,-0.060444888,0.963644624,-13.87455463,15.90757275,0.286596119,,4.275751,-45.48373818,0.963644624,0.286596119
4275851,-0.001345751,-0.012315968,0.941360831,-0.662987292,10.51913548,0.662908077,,4.275851,-1.345750527,0.941360831,0.662908077
4275951,0.012727339,-0.03409493,0.930606604,7.730055332,58.55849075,1.148484111,,4.275951,12.72733882,0.930606604,1.148484111
4276051,-0.01876984,-0.053262033,0.866271555,6.123439789,28.59553337,-1.37215507,,4.276051,-18.76983978,0.866271555,-1.37215507
4276151,0.047980193,0.078435965,1.038354635,5.531466484,-7.09829855,-1.411363363,,4.276151,47.98019305,1.038354635,-1.411363363
4276251,-0.01884912,0.035550933,0.946185708,8.783330917,-24.4025631,-4.849704266,,4.276251,-18.84911954,0.946185708,-4.849704266
4276351,-0.007172067,-0.015503872,0.951348901,9.988068581,-41.33164215,-2.651735783,,4.276351,-7.172067184,0.951348901,-2.651735783
4276451,-0.010257629,0.003522317,0.94455117,-13.35168552,-30.6610527,0.501678348,,4.276451,-10.25762875,0.94455117,0.501678348
4276551,-0.005291259,-0.055253644,1.165201545,8.051005363,-28.83310699,-6.468040943,,4.276551,-5.291258916,1.165201545,-6.468040943
4276651,-0.024413433,-0.031646103,1.265266418,-3.294724703,-5.116903305,-1.379032493,,4.276651,-24.41343293,1.265266418,-1.379032493
4276751,0.002442881,0.031293355,1.12437427,-0.253413349,5.153387547,0.881020427,,4.276751,2.442880766,1.12437427,0.881020427
4276851,-0.011661068,0.028447021,1.09651494,0.769287944,2.618649483,0.473424941,,4.276851,-11.66106761,1.09651494,0.473424941
4276951,0.051520161,0.311056882,1.083736897,0.692122757,2.076537848,1.134857535,,4.276951,51.52016133,1.083736897,1.134857535
4277051,-0.070833348,0.034282926,1.080166698,-3.20599103,29.55450439,0.122209273,,4.277051,-70.83334774,1.080166698,0.122209273
4277151,0.012345544,0.176864803,1.104900599,-17.87088966,3.865002632,1.673066854,,4.277151,12.34554406,1.104900599,1.673066854
4277251,-0.040758528,-0.120254278,1.06672585,-2.886813164,-7.674331188,0.266334057,,4.277251,-40.75852782,1.06672585,0.266334057
4277351,0.006931517,0.044264358,1.197136641,-1.422999382,-5.130300522,-0.226009935,,4.277351,6.931517273,1.197136641,-0.226009935
4277451,0.158671632,-0.25280264,1.153748274,2.546605349,-3.435947895,-2.777288914,,4.277451,158.6716324,1.153748274,-2.777288914
4277551,0.101991423,-0.133824244,0.927829385,27.27924728,20.92474174,2.295851707,,4.277551,101.9914225,0.927829385,2.295851707
4277651,0.041762657,-0.096431799,1.017034411,14.64073086,4.391460419,1.462020993,,4.277651,41.76265746,1.017034411,1.462020993
4277751,0.031294048,-0.028375519,0.960637629,9.258704185,-0.881481051,1.228702545,,4.277751,31.29404783,0.960637629,1.228702545
4277851,-0.068720132,-0.165010706,0.851551712,0.732515276,-9.793247223,1.681675792,,4.277851,-68.72013211,0.851551712,1.681675792
4277951,0.128264859,-0.000404199,0.982138813,0.118583523,-6.945482731,1.807972312,,4.277951,128.2648593,0.982138813,1.807972312
4278051,-0.057541151,-0.054167502,1.008296251,-13.48652744,0.74738574,1.843795657,,4.278051,-57.5411506,1.008296251,1.843795657
4278151,0.078635842,0.018719129,1.05350852,-3.276348591,-5.935143471,-0.165663615,,4.278151,78.63584161,1.05350852,-0.165663615
4278251,-0.001865815,0.013591912,0.886478305,-4.373178005,1.808543205,1.703248382,,4.278251,-1.865814556,0.886478305,1.703248382
4278351,-0.021485761,0.016204679,0.836285114,-76.10406494,-59.72629547,-0.116423443,,4.278351,-21.48576081,0.836285114,-0.116423443
4278451,0.023162033,0.02885456,0.878775597,-20.10033035,-14.13712788,-0.820132256,,4.278451,23.16203341,0.878775597,-0.820132256
4278551,-0.038779248,-0.055030212,0.777578712,42.73965454,47.21709061,-1.868874073,,4.278551,-38.77924755,0.777578712,-1.868874073
4278651,-0.031386834,0.031395745,0.859411717,-6.11542654,22.74594879,0.227083206,,4.278651,-31.38683364,0.859411717,0.227083206
4278751,-0.007860993,0.055121858,0.857862294,5.997515202,10.122859,2.761835337,,4.278751,-7.860993035,0.857862294,2.761835337
4278851,0.007063209,-0.005942065,0.743428648,12.39106846,18.09412956,0.033336911,,4.278851,7.063209079,0.743428648,0.033336911
4278951,-0.036766313,-0.003486258,0.788327456,10.53922272,2.287725449,-0.482616425,,4.278951,-36.76631302,0.788327456,-0.482616425
4279051,0.028831666,0.018468373,0.882189691,-1.799144149,4.928373337,1.415189743,,4.279051,28.83166634,0.882189691,1.415189743
4279151,0.04687329,0.063269429,0.939703465,7.825535297,-1.019269228,4.554031372,,4.279151,46.87329009,0.939703465,4.554031372
4279251,-0.089406632,0.022906985,1.070338607,-7.367326736,-6.193752766,2.506947517,,4.279251,-89.40663189,1.070338607,2.506947517
4279351,-0.226773962,-0.101673752,0.832918108,-9.102840424,-2.973063707,-1.167110085,,4.279351,-226.7739624,0.832918108,-1.167110085
4279451,-0.034868862,0.160581201,1.08131361,10.12338066,-1.0267241,-7.411243439,,4.279451,-34.86886248,1.08131361,-7.411243439
4279551,-0.036639694,-0.008198342,0.9794119,5.443943501,4.752110004,-5.735500336,,4.279551,-36.63969412,0.9794119,-5.735500336
4279651,0.140575513,-0.014805812,1.032209516,-0.137052491,5.664349079,-3.520648241,,4.279651,140.5755132,1.032209516,-3.520648241
4279751,-1.465472341,-1.157286882,6.25246191,-38.25429153,137.1071167,-10.55021095,,4.279751,-1465.472341,6.25246191,-10.55021095
4279851,-0.056841798,-0.196713224,1.082534909,-6.336678982,-27.5939312,-4.513201714,,4.279851,-56.84179813,1.082534909,-4.513201714
4279951,-0.251969546,-0.10666094,0.858597875,2.374810696,6.881641865,-11.15418434,,4.279951,-251.9695461,0.858597875,-11.15418434
4280051,-0.004056119,-0.143392146,1.068897843,1.014688849,12.59998035,-5.081439018,,4.280051,-4.05611936,1.068897843,-5.081439018
4280151,-0.063954875,-0.03802776,0.941637158,-3.46973753,5.772445679,-2.768195391,,4.280151,-63.95487487,0.941637158,-2.768195391
4280251,-0.037470251,0.296590865,0.989730716,-2.434203148,-6.527439594,-1.429508805,,4.280251,-37.47025132,0.989730716,-1.429508805
4280351,0.026585098,0.020665642,1.002335548,-1.462350607,-3.382377625,6.128568649,,4.280351,26.58509836,1.002335548,6.128568649
4280451,0.040381376,0.22875534,1.130555987,0.419927955,-5.465975285,5.264535904,,4.280451,40.3813757,1.130555987,5.264535904
4280551,-0.112137593,0.013364294,1.071296692,3.99849534,-6.232354641,2.234369516,,4.280551,-112.1375933,1.071296692,2.234369516
4280651,0.007173713,0.011477721,0.970390976,-0.580043674,-1.252910137,3.662710428,,4.280651,7.173712831,0.970390976,3.662710428
4280751,0.015883232,0.009418215,0.953130722,0.129997537,-4.464591026,4.825850964,,4.280751,15.88323154,0.953130722,4.825850964
4280851,-0.177125529,-0.07420665,0.818377972,-0.179487824,1.365095496,6.37032938,,4.280851,-177.1255285,0.818377972,6.37032938
4280951,-0.127311081,0.088566251,1.113144279,16.56791306,-62.68512726,8.904047012,,4.280951,-127.3110807,1.113144279,8.904047012
4281051,-0.171129927,-0.407026678,0.899069428,30.42462349,-83.29323578,3.423384905,,4.281051,-171.129927,0.899069428,3.423384905
4281151,0.041389067,0.040265705,1.08241272,48.16555405,-68.24840546,3.211352587,,4.281151,41.38906673,1.08241272,3.211352587
4281251,0.051162038,0.056879442,0.950765789,-42.90621567,137.9752808,3.29809761,,4.281251,51.162038,0.950765789,3.29809761
4281351,-0.007001645,0.010463978,0.970117867,-26.77865028,52.47590256,-5.783582211,,4.281351,-7.001644932,0.970117867,-5.783582211
4281451,-0.069724306,-0.194227725,0.850672126,3.282073736,25.97263527,-5.039663792,,4.281451,-69.72430646,0.850672126,-5.039663792
4281551,0.005113899,-0.140394688,1.063235402,-16.6080246,70.21637726,-4.528030396,,4.281551,5.113899242,1.063235402,-4.528030396
4281651,0.029208098,0.075871952,1.110098362,-26.32186699,53.4792099,-0.998860538,,4.281651,29.20809761,1.110098362,-0.998860538
4281751,-0.161236137,0.043134511,0.939657807,9.581819534,-88.40177917,-2.831916571,,4.281751,-161.2361372,0.939657807,-2.831916571
4281851,0.049076356,0.06756109,1.055184603,-10.6251688,-13.28678608,-0.40095818,,4.281851,49.07635599,1.055184603,-0.40095818
4281951,0.022014214,0.002525361,0.974653482,-3.582168102,-12.60342598,-3.082971096,,4.281951,22.01421373,0.974653482,-3.082971096
4282051,0.156913593,0.174498692,1.064102054,-0.843518913,-40.9748764,-0.755821168,,4.282051,156.9135934,1.064102054,-0.755821168
4282151,0.03114727,0.266253531,0.958945036,-14.14118767,-55.14749908,-3.846541882,,4.282151,31.14726953,0.958945036,-3.846541882
4282251,-0.011194663,-0.109098673,1.023384213,14.73675919,65.277565,-2.157727003,,4.282251,-11.19466312,1.023384213,-2.157727003
4282351,-0.011319757,-0.083384469,1.043353319,0.419071794,12.99278355,0.736363828,,4.282351,-11.31975651,1.043353319,0.736363828
4282451,-0.047836177,-0.152564526,1.015767097,1.844696879,28.88624191,3.192187786,,4.282451,-47.83617705,1.015767097,3.192187786
4282551,-0.006741706,0.035291586,1.026698589,-8.733570099,80.91332245,6.403728485,,4.282551,-6.741705816,1.026698589,6.403728485
4282651,0.050972469,0.00072641,0.935697794,4.408372402,13.11039448,3.822425127,,4.282651,50.97246915,0.935697794,3.822425127
4282751,0.019036738,-0.020768987,0.970557034,7.691875935,-17.8231926,-0.430064172,,4.282751,19.0367382,0.970557034,-0.430064172
4282851,-0.057427514,-0.100197256,0.843249559,4.831923962,-27.2151165,0.897524655,,4.282851,-57.42751434,0.843249559,0.897524655
4282951,0.086974263,0.186352074,0.905714035,11.99061966,-11.20017815,0.874098837,,4.282951,86.97426319,0.905714035,0.874098837
4283051,-0.107242547,-0.141164392,0.84058702,33.38516998,-2.233118773,-0.18306382,,4.283051,-107.242547,0.84058702,-0.18306382
4283151,-2.79E-05,0.149361655,0.957869053,64.32807922,-10.09985733,-1.16863668,,4.283151,-0.027918146,0.957869053,-1.16863668
4283251,0.131451786,0.072696075,1.009913087,20.07770348,-2.609026432,0.059348434,,4.283251,131.4517856,1.009913087,0.059348434
4283351,0.024875097,0.217331976,1.065894008,-51.3074913,-8.621845245,-1.847966194,,4.283351,24.87509698,1.065894008,-1.847966194
4283451,0.07807523,0.216040343,0.941718996,-35.51615906,-8.682312965,-2.773134708,,4.283451,78.07523012,0.941718996,-2.773134708
4283551,-0.151585266,-0.005436308,0.841241837,-48.48720932,0.181629986,-5.690749645,,4.283551,-151.585266,0.841241837,-5.690749645
4283651,0.100454524,0.116300665,1.157914042,-56.00379944,22.37002182,-0.279275298,,4.283651,100.4545242,1.157914042,-0.279275298
4283751,0.004876741,-0.149565816,0.874897301,41.41591644,-14.32333755,-5.857742786,,4.283751,4.876740742,0.874897301,-5.857742786
4283851,-0.013751729,0.059555113,0.945079565,28.82258224,-5.623371124,-6.803022385,,4.283851,-13.75172939,0.945079565,-6.803022385
4283951,0.132875949,0.033548549,1.11190331,18.88326454,5.214419365,-4.175449848,,4.283951,132.8759491,1.11190331,-4.175449848
4284051,0.009362596,-0.050485343,0.963674963,-5.674298763,4.834877014,-0.967765749,,4.284051,9.362596087,0.963674963,-0.967765749
4284151,0.008966584,0.019906858,0.859891892,-9.459011078,0.762999237,2.280392408,,4.284151,8.966583759,0.859891892,2.280392408
4284251,-0.013107625,0.006718327,0.959188998,-8.038011551,19.75024223,3.082716942,,4.284251,-13.10762484,0.959188998,3.082716942
4284351,-0.001002745,0.062184289,0.917176545,-0.680601716,33.04244232,5.392149448,,4.284351,-1.002744772,0.917176545,5.392149448
4284451,0.056980729,0.014379023,0.929882646,18.17708778,38.44527817,4.747682571,,4.284451,56.9807291,0.929882646,4.747682571
4284551,-0.026630955,-0.205827981,0.824347794,24.62864304,-64.38871765,2.235691547,,4.284551,-26.63095482,0.824347794,2.235691547
4284651,-0.074784614,-0.00670602,0.853971601,8.752039909,-43.91240692,5.689130783,,4.284651,-74.78461415,0.853971601,5.689130783
4284751,-0.262929767,-0.212179348,0.888841748,-16.70051193,-6.484146118,8.012397766,,4.284751,-262.9297674,0.888841748,8.012397766
4284851,-0.05363759,-0.132262141,0.865178943,0.723314524,-26.11654091,4.672810078,,4.284851,-53.63759026,0.865178943,4.672810078
4284951,0.075909957,0.249734625,1.041467905,13.87796783,-24.0644207,-1.828330994,,4.284951,75.90995729,1.041467905,-1.828330994
4285051,-0.071585998,-0.122725993,0.7929492,-3.333079815,7.901199818,-2.337140799,,4.285051,-71.58599794,0.7929492,-2.337140799
4285151,0.034171008,-0.042853143,0.945020914,19.66560745,-138.1880493,-3.370978117,,4.285151,34.17100757,0.945020914,-3.370978117
4285251,-0.0922198,0.088148989,1.099908352,-46.57859039,103.6953201,-5.753482819,,4.285251,-92.21979976,1.099908352,-5.753482819
4285351,-0.095407315,0.13537246,1.254967093,-2.554294109,12.06927109,-11.41090107,,4.285351,-95.4073146,1.254967093,-11.41090107
4285451,0.065865062,0.023540054,1.240648746,5.046143532,0.291236192,-12.35572433,,4.285451,65.86506218,1.240648746,-12.35572433
4285551,-0.002166975,0.040967897,1.316009521,1.828959584,4.710092545,-7.306973934,,4.285551,-2.166974591,1.316009521,-7.306973934
4285651,0.023987509,0.089360394,1.316306353,-2.177952528,9.228190422,2.55744338,,4.285651,23.98750931,1.316306353,2.55744338
4285751,0.03174739,-0.100528732,1.224255204,-5.731921196,11.45518112,6.250483513,,4.285751,31.74738958,1.224255204,6.250483513
4285851,-0.038842868,-0.089429654,0.881305516,0.292856753,40.41116333,11.26155281,,4.285851,-38.84286806,0.881305516,11.26155281
4285951,0.050804418,-0.002640667,0.776881099,21.60438156,82.09731293,4.841118813,,4.285951,50.80441758,0.776881099,4.841118813
4286051,0.009939249,0.046167087,0.733852387,16.24037552,42.67271042,2.582874537,,4.286051,9.939248674,0.733852387,2.582874537
4286151,0.049320884,0.003838802,0.681857526,-10.00080109,-82.38335419,0.200135604,,4.286151,49.32088405,0.681857526,0.200135604
4286251,0.033968054,0.045247059,0.87739706,-0.118359461,2.478043318,-3.190458536,,4.286251,33.96805376,0.87739706,-3.190458536
4286351,0.023702296,0.24403429,1.023423314,4.280745506,6.277897835,-0.804486752,,4.286351,23.7022955,1.023423314,-0.804486752
4286451,0.05883285,-0.075132728,0.927553177,4.531599998,1.405185223,-2.600651503,,4.286451,58.83285031,0.927553177,-2.600651503
4286551,0.003622727,0.097955145,1.35912776,-10.14842129,23.46871948,-3.530364037,,4.286551,3.622726537,1.35912776,-3.530364037
4286651,-0.034824867,0.1065244,1.42756784,2.146648407,-79.03901672,-2.884520769,,4.286651,-34.8248668,1.42756784,-2.884520769
4286751,-0.013343312,0.06362848,1.314558268,11.70971298,-25.49831581,-0.659553766,,4.286751,-13.34331185,1.314558268,-0.659553766
4286851,0.064065069,-0.001188701,1.151512384,-39.4355011,-21.38002777,3.295670748,,4.286851,64.06506896,1.151512384,3.295670748
4286951,0.035318341,-0.181706801,1.162802577,-64.49797058,-74.92533875,0.325060099,,4.286951,35.31834111,1.162802577,0.325060099
4287051,-0.114357315,0.252751619,0.999572218,-58.74005127,-46.77020264,-6.877680779,,4.287051,-114.357315,0.999572218,-6.877680779
4287151,-0.189608008,-0.019266089,0.843049645,60.62174988,19.56315231,-10.39544106,,4.287151,-189.6080077,0.843049645,-10.39544106
4287251,-0.015468252,0.006734647,0.764642716,-1.971289396,11.93981552,7.43614912,,4.287251,-15.46825189,0.764642716,7.43614912
4287351,-0.00311373,-0.010544058,0.711798906,40.23337936,79.08347321,9.7280159,,4.287351,-3.113730112,0.711798906,9.7280159
4287451,0.012062298,-0.029391039,0.579038918,8.309009552,-15.8829422,8.503463745,,4.287451,12.06229813,0.579038918,8.503463745
4287551,-0.0092189,0.004701462,0.610089123,10.51652431,25.5552845,7.133685589,,4.287551,-9.218899533,0.610089123,7.133685589
4287651,0.002730198,-0.036364958,0.544388831,5.5813241,0.100381181,3.429909468,,4.287651,2.730198205,0.544388831,3.429909468
4287751,0.036076702,-0.00887503,0.509146214,-1.070950389,0.878166318,3.452012539,,4.287751,36.07670218,0.509146214,3.452012539
4287851,-0.003861495,-0.007759242,0.280009657,6.818724632,14.26340675,2.400618315,,4.287851,-3.861494595,0.280009657,2.400618315
4287951,-0.004354311,0.018306084,0.236583829,67.31878662,100.4931107,0.784198403,,4.287951,-4.354311153,0.236583829,0.784198403
4288151,-0.016226653,0.0069094,0.219794408,178.2971497,110.0695801,2.203759432,,4.288151,-16.22665301,0.219794408,2.203759432
4288251,-0.026043031,-0.004358116,0.691151917,-202.7471161,-331.1077881,21.40640831,,4.288251,-26.04303136,0.691151917,21.40640831
4288351,0.110494301,0.158685267,1.211721778,-350.1235352,-235.1764679,67.42179108,,4.288351,110.4943007,1.211721778,67.42179108
4288451,-0.058764413,-0.548751533,1.780253172,45.37365723,1999.899414,946.4988403,,4.288451,-58.764413,1.780253172,946.4988403
4288551,0.426107079,-0.426451743,1.040598512,-1659.85022,-106.3848724,797.7548218,,4.288551,426.1070788,1.040598512,797.7548218
4288651,0.206131235,-0.244247556,0.064209066,1334.04248,1244.06897,-430.7614746,,4.288651,206.1312348,0.064209066,-430.7614746
4288751,0.112993062,-0.432244122,0.227515116,1779.824585,-21.13760567,-478.0180359,,4.288751,112.9930615,0.227515116,-478.0180359
4288851,-0.161648199,-0.306246191,0.178744182,1228.206543,-1220.239136,-448.9535522,,4.288851,-161.648199,0.178744182,-448.9535522
4288951,-0.103732675,-0.133974373,0.183513656,200.7653351,-1675.469727,-406.7256775,,4.288951,-103.7326753,0.183513656,-406.7256775
4289051,-0.201060519,-0.367934823,-2.245033264,-522.366272,-206.5394897,-320.5534363,,4.289051,-201.0605186,-2.245033264,-320.5534363
4289151,-0.035566516,-0.04569323,0.010414947,-545.1713257,69.76592255,-326.0647278,,4.289151,-35.56651622,0.010414947,-326.0647278
4289251,0.533834875,-0.737674594,-2.203787327,642.7852173,-385.0806885,0.137988314,,4.289251,533.8348746,-2.203787327,0.137988314
4289351,-0.409599841,-0.146172464,-1.652123928,-424.8049316,212.0357056,-86.48825073,,4.289351,-409.5998406,-1.652123928,-86.48825073
4289451,0.050580703,0.048824511,-0.980152011,91.63288116,17.47158241,-33.33283615,,4.289451,50.58070272,-0.980152011,-33.33283615
4289551,-0.007211408,-0.010313121,-1.010890722,0.086148746,0.154626668,0.130067915,,4.289551,-7.211407647,-1.010890722,0.130067915
4289651,-0.005461391,-0.008245806,-1.011925459,0.094467387,0.150174707,0.083745085,,4.289651,-5.461391062,-1.011925459,0.083745085
4289751,-0.006458083,-0.009472687,-1.011867166,0.067516789,0.23321636,-0.041058484,,4.289751,-6.458083168,-1.011867166,-0.041058484
4289851,-0.005726188,-0.008419318,-1.012629271,0.187026992,0.226061389,-0.056513123,,4.289851,-5.726188421,-1.012629271,-0.056513123
4289951,-0.006922673,-0.009473466,-1.010676265,0.075462222,0.175103784,-0.031651791,,4.289951,-6.922672503,-1.010676265,-0.031651791
4290051,-0.005797706,-0.008914485,-1.010446787,0.185639933,0.244620889,0.053140353,,4.290051,-5.797706079,-1.010446787,0.053140353
4290151,-0.006131911,-0.008228489,-1.010928631,0.177385181,0.17901957,0.083392806,,4.290151,-6.131911185,-1.010928631,0.083392806
4290251,-0.005616591,-0.009308456,-1.01209569,0.1812751,0.152108833,-0.097364061,,4.290251,-5.616590846,-1.01209569,-0.097364061
4290351,-0.005757369,-0.009936959,-1.013495207,0.191425055,0.126056701,-0.109839283,,4.290351,-5.757368635,-1.013495207,-0.109839283
4290451,-0.005963528,-0.00867574,-1.012282372,0.179388106,0.09654402,-0.022527847,,4.290451,-5.963527597,-1.012282372,-0.022527847
4290551,-0.004806158,-0.009315732,-1.013293862,0.112827644,0.188306272,-0.048172504,,4.290551,-4.806157667,-1.013293862,-0.048172504
4290651,-0.00780865,-0.008364193,-1.013696313,0.048572145,0.161749974,-0.109666944,,4.290651,-7.808649912,-1.013696313,-0.109666944
4290751,-0.00706612,-0.006398321,-1.012007356,0.146010116,0.294173449,-0.002000552,,4.290751,-7.066120394,-1.012007356,-0.002000552
4290851,-0.005182581,-0.008685629,-1.012598634,0.072003827,0.084957942,0.076099575,,4.290851,-5.182581022,-1.012598634,0.076099575
4290951,-0.004205442,-0.007877083,-1.011852503,0.186956644,0.063460685,0.004426358,,4.290951,-4.205442034,-1.011852503,0.004426358
4291051,-0.005671468,-0.009857883,-1.011493564,0.190056577,0.101249129,-0.054313257,,4.291051,-5.671468098,-1.011493564,-0.054313257
4291151,-0.005410439,-0.007764588,-1.011004686,0.191032827,0.140235856,0.029413398,,4.291151,-5.410439335,-1.011004686,0.029413398
4291251,-0.006981768,-0.007316365,-1.010578275,0.17646502,0.013582079,0.100231253,,4.291251,-6.98176818,-1.010578275,0.100231253
4291351,-0.006291538,-0.010143246,-1.012993455,0.080499969,0.103220694,-0.03205201,,4.291351,-6.291538011,-1.012993455,-0.03205201
4291451,-0.005505199,-0.008922906,-1.011429191,0.179087207,0.207746714,0.102997042,,4.291451,-5.505199078,-1.011429191,0.102997042
4291551,-0.005363172,-0.008207292,-1.012479186,0.218828827,0.070498273,-0.003653669,,4.291551,-5.36317192,-1.012479186,-0.003653669
4291651,-0.00694462,-0.009371332,-1.012155771,0.095292248,0.146177962,-0.150116056,,4.291651,-6.944619585,-1.012155771,-0.150116056
4291751,-0.004638681,-0.008074683,-1.012588501,0.22890912,0.101132348,0.025246827,,4.291751,-4.638681188,-1.012588501,0.025246827
4291851,-0.005468812,-0.00864003,-1.013159633,0.147625268,0.103575096,-0.066850163,,4.291851,-5.46881184,-1.013159633,-0.066850163
4291951,-0.005357706,-0.008667026,-1.011951089,0.289381832,0.157697365,-0.136416167,,4.291951,-5.357705522,-1.011951089,-0.136416167
4292051,-0.004749488,-0.008930135,-1.013526082,0.240895525,0.193512783,-0.11590948,,4.292051,-4.749488086,-1.013526082,-0.11590948
4292151,-0.006759348,-0.007150063,-1.012371898,-0.045551442,-0.010781753,-0.036170714,,4.292151,-6.759348325,-1.012371898,-0.036170714
4292251,-0.008049102,-0.007567023,-1.011815071,0.030577451,0.187454969,-0.034277257,,4.292251,-8.049101569,-1.011815071,-0.034277257
4292351,-0.006192873,-0.009275196,-1.012077689,0.242043629,0.154277831,-0.071643844,,4.292351,-6.192873232,-1.012077689,-0.071643844
4292451,-0.007189431,-0.008930343,-1.010832191,0.179433048,0.143063813,-0.038695544,,4.292451,-7.189431228,-1.010832191,-0.038695544
4292551,-0.006240119,-0.008517917,-1.010944486,0.159727901,0.076825432,-0.069053017,,4.292551,-6.240118761,-1.010944486,-0.069053017
4292651,-0.005799274,-0.009710772,-1.013432145,0.008411101,0.176660016,0.10152179,,4.292651,-5.799274426,-1.013432145,0.10152179
4292751,-0.004590377,-0.009610864,-1.010530829,0.131642059,0.13077642,-0.052943643,,4.292751,-4.590376746,-1.010530829,-0.052943643
4292851,-0.005734418,-0.008092438,-1.008621573,0.190549731,0.080205761,0.013799005,,4.292851,-5.734418053,-1.008621573,0.013799005
4292951,-0.005812041,-0.010051621,-1.01217401,0.235634565,0.121792845,0.011520439,,4.292951,-5.812041461,-1.01217401,0.011520439
4293051,-0.006747222,-0.007492883,-1.012288928,0.109337628,0.17221719,-0.002157388,,4.293051,-6.74722204,-1.012288928,-0.002157388
4293151,-0.004634656,-0.00874632,-1.012407899,0.168423861,0.247390434,-0.118575051,,4.293151,-4.634655546,-1.012407899,-0.118575051
4293251,-0.005366188,-0.008027798,-1.012279987,0.231026888,0.210773855,-0.00444967,,4.293251,-5.366188474,-1.012279987,-0.00444967
4293351,-0.005700389,-0.009764497,-1.013482332,0.17744042,0.009377898,-0.105410934,,4.293351,-5.700388923,-1.013482332,-0.105410934
4293451,-0.007010035,-0.006851343,-1.012394905,0.134081841,0.136300951,-0.047089826,,4.293451,-7.010034751,-1.012394905,-0.047089826
4293551,-0.006782848,-0.008616595,-1.011023283,0.105883107,0.148176879,0.035468843,,4.293551,-6.782848388,-1.011023283,0.035468843
4293651,-0.006685205,-0.008955936,-1.011975646,0.15909943,0.074609891,-0.023487495,,4.293651,-6.68520527,-1.011975646,-0.023487495
4293751,-0.004851763,-0.007932108,-1.012799859,0.085097052,0.08006487,-0.026539318,,4.293751,-4.851763137,-1.012799859,-0.026539318
4293851,-0.007281182,-0.007985121,-1.010478616,0.246723726,0.176414534,-0.112242699,,4.293851,-7.281182334,-1.010478616,-0.112242699
4293951,-0.00734049,-0.007084378,-1.011711478,0.215726286,0.138698563,0.020201245,,4.293951,-7.340490352,-1.011711478,0.020201245
4294051,-0.005191722,-0.008153668,-1.011025786,0.129954413,0.147574917,0.04990615,,4.294051,-5.191722419,-1.011025786,0.04990615
4294151,-0.006093198,-0.008221854,-1.012972951,0.182391718,0.129724562,-0.111335948,,4.294151,-6.093197502,-1.012972951,-0.111335948
4294251,-0.006224405,-0.00817443,-1.013748288,0.161304519,0.068975411,-0.04137741,,4.294251,-6.22440502,-1.013748288,-0.04137741
4294351,-0.005644361,-0.008646497,-1.011372566,0.250531465,0.103939049,-0.083534725,,4.294351,-5.644361489,-1.011372566,-0.083534725
4294451,-0.004109506,-0.008953678,-1.011351466,0.088268325,0.088021748,-0.015768336,,4.294451,-4.10950603,-1.011351466,-0.015768336
4294551,-0.006111918,-0.008592058,-1.011567473,0.092625521,0.169005156,-0.085634492,,4.294551,-6.111918017,-1.011567473,-0.085634492
4294651,-0.005502648,-0.009236052,-1.011618018,0.281187564,0.176105619,-0.005200468,,4.294651,-5.50264772,-1.011618018,-0.005200468
4294751,-0.007633212,-0.007466842,-1.011473179,0.143544525,0.193670556,-0.049859509,,4.294751,-7.633212022,-1.011473179,-0.049859509
4294851,-0.005131642,-0.008716292,-1.013101339,0.127519816,0.148156077,0.031128021,,4.294851,-5.131641869,-1.013101339,0.031128021
4294951,-0.006457317,-0.008374224,-1.0108248,0.199726746,0.057447337,-0.018263273,,4.294951,-6.457316689,-1.0108248,-0.018263273
4295051,-0.005689988,-0.008571571,-1.012466192,0.018802533,0.083486319,0.05878887,,4.295051,-5.689988378,-1.012466192,0.05878887
4295151,-0.006095624,-0.007954585,-1.011836171,0.163248166,0.073349006,-0.204060987,,4.295151,-6.095623598,-1.011836171,-0.204060987
4295251,-0.006156784,-0.007952321,-1.010946393,0.104850344,0.15456745,-0.030589186,,4.295251,-6.156783551,-1.010946393,-0.030589186
4295351,-0.007176872,-0.009518324,-1.012359858,0.228322983,0.186840788,-0.06574557,,4.295351,-7.176872343,-1.012359858,-0.06574557
4295451,-0.006693222,-0.008930067,-1.010993719,0.284459472,0.172649428,-0.045850445,,4.295451,-6.693221629,-1.010993719,-0.045850445
4295551,-0.005705769,-0.007424593,-1.011234879,0.195413828,0.148966298,-0.024704071,,4.295551,-5.705768708,-1.011234879,-0.024704071
4295651,-0.006610604,-0.009017304,-1.011453152,0.112504013,0.153984428,-0.040412258,,4.295651,-6.610603537,-1.011453152,-0.040412258
4295751,-0.006004366,-0.007688269,-1.011788726,0.133693039,0.100236125,-0.160550043,,4.295751,-6.004366092,-1.011788726,-0.160550043
4295851,-0.00552005,-0.00891828,-1.011135697,0.189952806,0.129929707,0.010848014,,4.295851,-5.520050414,-1.011135697,0.010848014
4295951,-0.00587638,-0.009861372,-1.011597633,0.184722215,0.031747539,-0.068388604,,4.295951,-5.876380485,-1.011597633,-0.068388604
4296051,-0.005944747,-0.00883206,-1.013677716,0.15395081,0.167998061,-0.012688652,,4.296051,-5.944746546,-1.013677716,-0.012688652
4296151,-0.005519039,-0.008592568,-1.013025522,0.132782936,0.101727262,0.02616665,,4.296151,-5.519039463,-1.013025522,0.02616665
4296251,-0.004777402,-0.008463985,-1.011145949,0.103617966,0.164102271,0.019279715,,4.296251,-4.777401686,-1.011145949,0.019279715
4296351,-0.006137897,-0.010089083,-1.010610223,0.093885206,0.262425125,0.043067507,,4.296351,-6.13789726,-1.010610223,0.043067507
4296451,-0.006003876,-0.008137668,-1.013473511,0.119710006,0.161334902,-0.090026103,,4.296451,-6.003876217,-1.013473511,-0.090026103
4296551,-0.005275374,-0.009387771,-1.013287783,0.196305454,0.058111884,-0.064261392,,4.296551,-5.275374278,-1.013287783,-0.064261392
4296651,-0.004762628,-0.008591848,-1.012621164,0.151518628,0.149611712,-0.062660627,,4.296651,-4.76262765,-1.012621164,-0.062660627
4296751,-0.00744506,-0.008696001,-1.011141181,0.179066256,0.129804149,-0.009163966,,4.296751,-7.445060182,-1.011141181,-0.009163966
4296851,-0.006015986,-0.008888802,-1.012874722,0.186788291,0.207701996,-0.044877697,,4.296851,-6.015985738,-1.012874722,-0.044877697
4296951,-0.006116444,-0.009349656,-1.013115525,0.086470827,0.136946634,0.095610127,,4.296951,-6.116444245,-1.013115525,0.095610127
4297051,-0.006742324,-0.009470697,-1.011312485,0.18728824,0.18849346,0.025105527,,4.297051,-6.742323749,-1.011312485,0.025105527
4297151,-0.007163859,-0.009131631,-1.01017046,0.175851032,0.126195371,-0.081240445,,4.297151,-7.163858507,-1.01017046,-0.081240445
4297251,-0.005897842,-0.009060345,-1.012298346,0.157483563,0.07671424,-0.064394027,,4.297251,-5.897842348,-1.012298346,-0.064394027
4297351,-0.006385431,-0.008120027,-1.012894392,0.194400683,0.137802139,-0.050584655,,4.297351,-6.385430694,-1.012894392,-0.050584655
4297451,-0.005413186,-0.007386927,-1.011616349,0.174879193,0.140010417,-0.089329109,,4.297451,-5.413186271,-1.011616349,-0.089329109
4297551,-0.004944945,-0.0083206,-1.012359262,0.255159587,0.171010122,0.055210609,,4.297551,-4.944944754,-1.012359262,0.055210609
4297651,-0.005106186,-0.009593413,-1.010932684,0.197181121,0.031950116,-0.023153784,,4.297651,-5.106186029,-1.010932684,-0.023153784
4297751,-0.006499677,-0.007808399,-1.013267517,0.155146226,0.249245882,-0.072589591,,4.297751,-6.4996765,-1.013267517,-0.072589591
4297851,-0.006382479,-0.008244466,-1.010614395,0.237895459,0.100261167,0.107975386,,4.297851,-6.382478867,-1.010614395,0.107975386
4297951,-0.005808137,-0.009693193,-1.012693048,0.201701358,0.158073396,-0.045714233,,4.297951,-5.808137357,-1.012693048,-0.045714233
4298051,-0.005688464,-0.008268157,-1.010934114,0.085430793,0.126858681,-0.06324593,,4.298051,-5.688463803,-1.010934114,-0.06324593
4298151,-0.006631456,-0.009257414,-1.014557123,0.094813339,0.230874136,-0.074257195,,4.298151,-6.631456316,-1.014557123,-0.074257195
4298251,-0.00629849,-0.0082441,-1.014761925,0.161008254,0.244043589,-0.130698219,,4.298251,-6.298490334,-1.014761925,-0.130698219
4298351,-0.006044575,-0.009572431,-1.014391303,0.25130561,0.139334276,0.024101591,,4.298351,-6.044575479,-1.014391303,0.024101591
4298451,-0.005760989,-0.007657435,-1.008921385,0.139931545,0.089612074,-0.076021329,,4.298451,-5.760989152,-1.008921385,-0.076021329
4298551,-0.006706469,-0.008099773,-1.013001204,0.240988135,0.167519763,-0.020450072,,4.298551,-6.706469227,-1.013001204,-0.020450072
4298651,-0.004801231,-0.007798486,-1.012335896,0.115264237,0.167148694,-0.051516552,,4.298651,-4.801230971,-1.012335896,-0.051516552
4298751,-0.007102422,-0.008035511,-1.014289975,0.207009837,0.152092353,-0.008717128,,4.298751,-7.102421951,-1.014289975,-0.008717128
4298851,-0.007490634,-0.008099826,-1.014883757,0.164835602,0.200069875,-0.023213807,,4.298851,-7.490633521,-1.014883757,-0.023213807
4298951,-0.006000931,-0.009123311,-1.012265205,0.133088976,0.195379108,-0.065467127,,4.298951,-6.000931375,-1.012265205,-0.065467127
4299051,-0.006421927,-0.007834748,-1.011473179,0.333974272,0.133850485,-0.066342637,,4.299051,-6.421927363,-1.011473179,-0.066342637
4299151,-0.007582895,-0.008863254,-1.012631655,0.049362846,0.144447088,-0.010572188,,4.299151,-7.582895458,-1.012631655,-0.010572188
4299251,-0.005915518,-0.009227002,-1.010241866,0.140267387,0.050348867,-0.027734814,,4.299251,-5.915518384,-1.010241866,-0.027734814
4299351,-0.007102188,-0.00866969,-1.013350129,0.195649818,0.208130777,-0.191526234,,4.299351,-7.102188189,-1.013350129,-0.191526234
4299451,-0.00607916,-0.009367935,-1.01340878,0.141520888,0.249264464,-0.083646595,,4.299451,-6.079160143,-1.01340878,-0.083646595
4299551,-0.005003553,-0.010172846,-1.012341619,0.159975708,0.117539287,-0.011915205,,4.299551,-5.00355335,-1.012341619,-0.011915205
4299651,-0.00675723,-0.007959724,-1.012435913,0.179844335,0.152663335,-0.031362962,,4.299651,-6.757230032,-1.012435913,-0.031362962
4299751,-0.006260687,-0.009565847,-1.010446191,0.122050338,0.109886698,-0.030285189,,4.299751,-6.26068702,-1.010446191,-0.030285189
4299851,-0.005901795,-0.0088699,-1.015151978,0.197328284,0.181291103,-0.088167876,,4.299851,-5.901795346,-1.015151978,-0.088167876
4299951,-0.006206233,-0.008733165,-1.012918949,0.195453554,0.178828478,-0.037972428,,4.299951,-6.206232589,-1.012918949,-0.037972428
4300051,-0.005838701,-0.007803462,-1.013657331,0.00693954,0.10005977,-0.040290479,,4.300051,-5.83870057,-1.013657331,-0.040290479
4300151,-0.006054301,-0.008049328,-1.011660099,0.254178464,0.13936998,-0.024305157,,4.300151,-6.054301281,-1.011660099,-0.024305157
4300251,-0.007406791,-0.007232114,-1.013070941,0.273492068,0.105883651,0.038831096,,4.300251,-7.406790741,-1.013070941,0.038831096
4300351,-0.006421826,-0.008974782,-1.011383653,0.153673813,0.126295686,-0.039565101,,4.300351,-6.421825849,-1.011383653,-0.039565101
4300451,-0.006258792,-0.008750794,-1.012719989,0.205357358,0.124647416,-0.07808879,,4.300451,-6.258792244,-1.012719989,-0.07808879
4300551,-0.006262532,-0.007288625,-1.012732148,0.188213065,0.153906539,-0.031151878,,4.300551,-6.262532435,-1.012732148,-0.031151878
4300651,-0.005717968,-0.008288651,-1.011896372,0.264348835,0.191740915,0.045489632,,4.300651,-5.717967637,-1.011896372,0.045489632
4300751,-0.006727498,-0.010294982,-1.01024127,0.097820424,0.036450073,-0.113067158,,4.300751,-6.727498025,-1.01024127,-0.113067158
4300851,-0.006544889,-0.008615235,-1.01434958,0.121251337,0.202226088,-0.139932886,,4.300851,-6.544889417,-1.01434958,-0.139932886
4300951,-0.006113698,-0.008765014,-1.013768554,0.137137368,0.267494381,-0.188751221,,4.300951,-6.11369824,-1.013768554,-0.188751221
4301051,-0.007155472,-0.009397178,-1.012065172,0.234410673,0.126341835,0.005814001,,4.301051,-7.155472413,-1.012065172,0.005814001
4301151,-0.006961636,-0.008603512,-1.013116241,0.159548208,0.140494615,-0.099193007,,4.301151,-6.96163578,-1.013116241,-0.099193007
4301251,-0.006465766,-0.009053211,-1.013807893,0.238108739,0.227209553,-0.049400199,,4.301251,-6.465765648,-1.013807893,-0.049400199
4301351,-0.005633878,-0.008339851,-1.012525797,0.100076616,0.158030495,-0.001503146,,4.301351,-5.633878056,-1.012525797,-0.001503146
4301451,-0.006985656,-0.008684671,-1.012918472,0.158711419,0.121380583,-0.11005681,,4.301451,-6.98565552,-1.012918472,-0.11005681
4301551,-0.005369389,-0.007818167,-1.013706923,0.146066368,0.197117791,-0.108759061,,4.301551,-5.36938943,-1.013706923,-0.108759061
4301651,-0.005662754,-0.008106446,-1.013688087,0.208973587,0.181397736,-0.005522959,,4.301651,-5.662753712,-1.013688087,-0.005522959
4301751,-0.006408665,-0.007361213,-1.014278054,0.136059657,0.13393797,-0.036233831,,4.301751,-6.408664864,-1.014278054,-0.036233831
4301851,-0.004959713,-0.00956188,-1.013357282,0.172886327,0.133893669,-0.012479316,,4.301851,-4.959712736,-1.013357282,-0.012479316
4301951,-0.005482143,-0.010226456,-1.009643197,0.166004494,0.20529297,-0.048645876,,4.301951,-5.482143257,-1.009643197,-0.048645876
4302051,-0.006929001,-0.008561282,-1.011819243,0.204463378,0.215903834,0.03774127,,4.302051,-6.92900084,-1.011819243,0.03774127
4302151,-0.005543641,-0.010264033,-1.011476517,0.206925079,0.165207878,0.011119493,,4.302151,-5.54364128,-1.011476517,0.011119493
4302251,-0.006186543,-0.008540374,-1.013844132,0.160730436,0.158550814,-0.118860699,,4.302251,-6.186542567,-1.013844132,-0.118860699
4302351,-0.006185581,-0.009192193,-1.01201272,0.285727918,0.24240835,0.001103643,,4.302351,-6.185580511,-1.01201272,0.001103643
4302451,-0.0049456,-0.00631867,-1.014422774,0.207976252,0.059166987,-0.133294925,,4.302451,-4.94559994,-1.014422774,-0.133294925
4302551,-0.005319465,-0.009649063,-1.012038469,0.106486104,0.04634282,-0.045290295,,4.302551,-5.319465417,-1.012038469,-0.045290295
4302651,-0.006381209,-0.00956006,-1.011250138,0.101751901,0.110415183,0.02054625,,4.302651,-6.381209474,-1.011250138,0.02054625
4302751,-0.006882727,-0.008761923,-1.011546731,0.075501896,0.187912628,-0.088177145,,4.302751,-6.88272668,-1.011546731,-0.088177145
4302851,-0.006122841,-0.008577715,-1.011897445,0.256062239,0.150833055,-0.079409838,,4.302851,-6.122841034,-1.011897445,-0.079409838
4302951,-0.005716208,-0.008684571,-1.012910247,0.232028067,0.04895414,-0.012853322,,4.302951,-5.716207903,-1.012910247,-0.012853322
4303051,-0.00638664,-0.008725012,-1.010009646,0.172562659,0.158034787,-0.167987675,,4.303051,-6.386640482,-1.010009646,-0.167987675
4303151,-0.006344472,-0.009054986,-1.013545632,0.240080163,0.15840438,0.026021764,,4.303151,-6.344471592,-1.013545632,0.026021764
4303251,-0.007304023,-0.00925394,-1.012894511,0.202073991,0.136448234,-0.100550473,,4.303251,-7.30402302,-1.012894511,-0.100550473
4303351,-0.005007833,-0.008421222,-1.014075398,0.110723771,0.17648229,0.005966402,,4.303351,-5.007832777,-1.014075398,0.005966402
4303451,-0.005877833,-0.009851845,-1.013270259,0.159467429,0.147614345,-0.046437036,,4.303451,-5.877833348,-1.013270259,-0.046437036
4303551,-0.005825011,-0.0094155,-1.014038682,0.200093851,0.144345507,-0.032349464,,4.303551,-5.82501106,-1.014038682,-0.032349464
4303651,-0.005193264,-0.007068492,-1.011749148,0.179097191,0.142007366,-0.060545415,,4.303651,-5.193264224,-1.011749148,-0.060545415
4303751,-0.008635355,-0.008962603,-1.014613032,0.142286077,0.063210934,-0.014775783,,4.303751,-8.63535516,-1.014613032,-0.014775783
4303951,-0.007414467,-0.009290303,-1.013703704,0.201987326,0.168590203,-0.047351822,,4.303951,-7.414467167,-1.013703704,-0.047351822
4304051,-0.005144528,-0.009882187,-1.014527082,0.165719032,0.08028356,-0.02488932,,4.304051,-5.144528113,-1.014527082,-0.02488932
4304151,-0.006349063,-0.00849855,-1.016349673,0.180336654,0.1643783,-0.021466587,,4.304151,-6.349063013,-1.016349673,-0.021466587
4304251,-0.007010613,-0.008254913,-1.012976646,0.113843337,0.040129248,0.00225981,,4.304251,-7.010613102,-1.012976646,0.00225981
4304451,-0.006020681,-0.008032002,-1.01265049,0.164290726,0.095377199,-0.041199982,,4.304451,-6.020681001,-1.01265049,-0.041199982
4304551,-0.008186508,-0.007381821,-1.010323644,0.199312046,0.107879534,-0.01286739,,4.304551,-8.18650797,-1.010323644,-0.01286739
4304651,-0.007424523,-0.009251792,-1.013407707,0.161377564,0.146387041,-0.028247569,,4.304651,-7.424523123,-1.013407707,-0.028247569
4304751,-0.005842994,-0.009608836,-1.012639761,0.145149618,0.139103264,-0.050214849,,4.304751,-5.842993502,-1.012639761,-0.050214849
4304851,-0.006085477,-0.009133512,-1.013085365,0.136295736,0.174851537,-0.108059555,,4.304851,-6.085477304,-1.013085365,-0.108059555
4304951,-0.007590359,-0.010825463,-1.01184833,0.179864198,0.094713233,-0.144620225,,4.304951,-7.590359077,-1.01184833,-0.144620225
4305051,-0.005407833,-0.008481318,-1.014352083,0.184876159,0.190810248,-0.037839126,,4.305051,-5.407833029,-1.014352083,-0.037839126
4305151,-0.007488089,-0.008703283,-1.011505008,0.243564338,0.123650909,-0.09164454,,4.305151,-7.488089148,-1.011505008,-0.09164454
4305251,-0.006364878,-0.009829111,-1.011071801,0.219060302,0.115776666,-0.103617542,,4.305251,-6.364877801,-1.011071801,-0.103617542
4305351,-0.00579774,-0.008523622,-1.011884451,0.301546365,0.130644262,0.03938086,,4.305351,-5.797740072,-1.011884451,0.03938086
4305451,-0.005092369,-0.008910884,-1.013432264,0.202678517,0.04943962,-0.099906951,,4.305451,-5.092369393,-1.013432264,-0.099906951
4305551,-0.005505008,-0.008644065,-1.013480067,0.209316924,0.130246401,-0.019684827,,4.305551,-5.505007692,-1.013480067,-0.019684827
4305651,-0.007650134,-0.009053814,-1.014929771,0.199868694,0.211963892,-0.14132826,,4.305651,-7.650133688,-1.014929771,-0.14132826
4305751,-0.006541085,-0.008785192,-1.014246225,0.189306542,0.159578651,-0.087852649,,4.305751,-6.541084964,-1.014246225,-0.087852649
4305851,-0.005704571,-0.009111961,-1.014389038,0.14111197,0.055188037,-0.055781074,,4.305851,-5.704570562,-1.014389038,-0.055781074
4305951,-0.007510689,-0.009011569,-1.011832237,0.212440401,0.169004276,-0.074562863,,4.305951,-7.510688622,-1.011832237,-0.074562863
4306051,-0.006292177,-0.007037923,-1.012505651,0.157106519,0.140472919,-0.042117368,,4.306051,-6.292176899,-1.012505651,-0.042117368
4306151,-0.007065497,-0.008073688,-1.013657808,0.13009429,0.188872963,-0.147189379,,4.306151,-7.065497339,-1.013657808,-0.147189379
4306251,-0.006891756,-0.009368468,-1.013663411,0.081835017,0.223147243,-0.095539488,,4.306251,-6.891755853,-1.013663411,-0.095539488
4306351,-0.008133579,-0.009763092,-1.012385964,0.263925284,0.075627066,0.058116473,,4.306351,-8.133579046,-1.012385964,0.058116473
4306451,-0.007407307,-0.010381884,-1.013203979,0.109989524,0.114664182,-0.109707519,,4.306451,-7.407306693,-1.013203979,-0.109707519
4306551,-0.006589237,-0.008020308,-1.015120029,0.177510619,0.099332578,0.042741667,,4.306551,-6.589236669,-1.015120029,0.042741667
4306651,-0.006010704,-0.009541525,-1.014140844,0.2081296,0.072416462,-0.032480486,,4.306651,-6.010703743,-1.014140844,-0.032480486
4306751,-0.00655721,-0.006992365,-1.013396144,0.183047578,0.144938469,-0.061621014,,4.306751,-6.557209883,-1.013396144,-0.061621014
4306851,-0.006253819,-0.009113554,-1.01177609,0.220175594,0.15007098,0.035856057,,4.306851,-6.253819447,-1.01177609,0.035856057
4306951,-0.006678813,-0.007947733,-1.011682987,0.251143575,0.101794012,-0.106300205,,4.306951,-6.678812671,-1.011682987,-0.106300205
4307051,-0.008404605,-0.008879884,-1.01461041,0.13278605,0.094033711,-0.064937733,,4.307051,-8.404605091,-1.01461041,-0.064937733
4307151,-0.007812334,-0.007232365,-1.014508247,0.189076394,0.241970941,-0.062189247,,4.307151,-7.812333759,-1.014508247,-0.062189247
4307251,-0.006336106,-0.009566946,-1.013982654,0.152770013,0.181467503,-0.083361231,,4.307251,-6.336105522,-1.013982654,-0.083361231
4307351,-0.006729177,-0.008922522,-1.013614655,0.197733954,0.171831027,-0.114519991,,4.307351,-6.729177199,-1.013614655,-0.114519991
4307451,-0.005880381,-0.009412709,-1.013988853,0.19665207,0.184741929,0.025721008,,4.307451,-5.880380515,-1.013988853,0.025721008
4307551,-0.006218657,-0.008801492,-1.013171554,0.138475776,0.183390856,-0.118402742,,4.307551,-6.218656898,-1.013171554,-0.118402742
4307651,-0.006566726,-0.008980476,-1.012633681,0.151502773,0.141209066,0.047043208,,4.307651,-6.566726137,-1.012633681,0.047043208
4307751,-0.005757486,-0.00890533,-1.013707995,0.274540097,0.096889429,-0.003387693,,4.307751,-5.757485516,-1.013707995,-0.003387693
4307851,-0.006486265,-0.009086461,-1.015119791,0.151791573,0.114529423,-0.059368528,,4.307851,-6.486264989,-1.015119791,-0.059368528
4307951,-0.006187456,-0.009373968,-1.010762215,0.220497951,0.192619175,-0.078438789,,4.307951,-6.187456194,-1.010762215,-0.078438789
4308051,-0.005905138,-0.009187372,-1.014168024,0.121849947,0.16107069,-0.052045766,,4.308051,-5.905138329,-1.014168024,-0.052045766
4308151,-0.006717874,-0.009031828,-1.01497066,0.20071438,0.113489375,-0.145717487,,4.308151,-6.717874203,-1.01497066,-0.145717487
4308251,-0.008094118,-0.009374257,-1.011219501,0.250480652,0.113935515,-0.066358171,,4.308251,-8.094117977,-1.011219501,-0.066358171
4308351,-0.005806654,-0.008202002,-1.012662172,0.259648711,0.176841348,-0.028937524,,4.308351,-5.80665376,-1.012662172,-0.028937524
4308451,-0.004559406,-0.007543375,-1.011911035,0.23707895,0.179848269,-0.032900803,,4.308451,-4.559405614,-1.011911035,-0.032900803
4308551,-0.005238785,-0.009710846,-1.014060855,0.116753727,0.128115147,0.025509732,,4.308551,-5.238785408,-1.014060855,0.025509732
4308651,-0.005682577,-0.008325824,-1.012559891,0.173400894,0.18386057,-0.029060371,,4.308651,-5.682576913,-1.012559891,-0.029060371
4308751,-0.007263121,-0.009273835,-1.013389349,0.212683782,0.122667171,0.004000444,,4.308751,-7.263120729,-1.013389349,0.004000444
4308851,-0.006019659,-0.008922519,-1.009706259,0.128440231,0.125983819,-0.027756955,,4.308851,-6.019658875,-1.009706259,-0.027756955
4308951,-0.00698324,-0.009064511,-1.013591647,0.160908669,0.106939532,-0.079275794,,4.308951,-6.983239669,-1.013591647,-0.079275794
4309051,-0.006211997,-0.009608376,-1.012782574,0.133608073,0.094160281,-0.144649223,,4.309051,-6.21199701,-1.012782574,-0.144649223
4309151,-0.006852436,-0.008629167,-1.012732148,0.126965091,0.120448388,-0.081553213,,4.309151,-6.852435879,-1.012732148,-0.081553213
4309251,-0.006081911,-0.008112255,-1.01378274,0.290545791,0.152674332,0.040291585,,4.309251,-6.08191127,-1.01378274,0.040291585
4309351,-0.006623239,-0.010099679,-1.011513948,0.163535699,0.095472969,-0.064221628,,4.309351,-6.623239256,-1.011513948,-0.064221628
4309451,-0.007702341,-0.007023653,-1.0146029,0.221609771,0.179857269,-0.047012284,,4.309451,-7.702341303,-1.0146029,-0.047012284
4309551,-0.008087972,-0.008459747,-1.013541818,0.210393757,0.168907672,-0.138649181,,4.309551,-8.087972179,-1.013541818,-0.138649181
4309651,-0.007238114,-0.007360579,-1.013545871,0.188974425,0.162415803,0.070184134,,4.309651,-7.238113787,-1.013545871,0.070184134
4309751,-0.006392488,-0.0085114,-1.014292359,0.170481816,0.147253841,-0.121950455,,4.309751,-6.392488256,-1.014292359,-0.121950455
4309851,-0.00590517,-0.008199429,-1.012589812,0.149584159,0.092909656,-0.084772632,,4.309851,-5.905169528,-1.012589812,-0.084772632
4309951,-0.008081007,-0.009156652,-1.011073589,0.202687576,0.104056917,-0.104471713,,4.309951,-8.081006818,-1.011073589,-0.104471713
4310051,-0.006298203,-0.009076754,-1.014590979,0.149213985,0.104962044,-0.014422745,,4.310051,-6.298203021,-1.014590979,-0.014422745
4310151,-0.005766919,-0.008532108,-1.012539983,0.163118705,0.13089025,-0.011201143,,4.310151,-5.766918883,-1.012539983,-0.011201143
4310251,-0.006637116,-0.009725393,-1.013849735,0.111169271,0.140434623,-0.139077544,,4.310251,-6.637116428,-1.013849735,-0.139077544
4310351,-0.005872305,-0.009108418,-1.012799025,0.123025112,0.11687357,-0.116950937,,4.310351,-5.872305017,-1.012799025,-0.116950937
4310451,-0.006647517,-0.008575412,-1.013473988,0.135445282,0.179833472,-0.059169024,,4.310451,-6.647516508,-1.013473988,-0.059169024
4310551,-0.005811629,-0.009801197,-1.01184535,0.168487117,0.176913381,-0.130018324,,4.310551,-5.811628886,-1.01184535,-0.130018324
4310651,-0.006918224,-0.008848353,-1.011027813,0.174182847,0.199857429,-0.024596691,,4.310651,-6.91822404,-1.011027813,-0.024596691
4310751,-0.006006778,-0.009200389,-1.012677193,0.121316396,0.164736897,-0.131569579,,4.310751,-6.006777752,-1.012677193,-0.131569579
4310851,-0.006352693,-0.007335328,-1.013679624,0.180801332,0.171268702,-0.075328447,,4.310851,-6.352693308,-1.013679624,-0.075328447
4310951,-0.005984928,-0.008366576,-1.015395403,0.090545826,0.169190452,-0.03835047,,4.310951,-5.984928459,-1.015395403,-0.03835047
4311051,-0.005521738,-0.009665847,-1.016015291,0.183959454,0.188730523,-0.014171439,,4.311051,-5.521738436,-1.016015291,-0.014171439
4311151,-0.005123531,-0.009908341,-1.013372421,0.15758948,0.102307253,-0.078273959,,4.311151,-5.123530515,-1.013372421,-0.078273959
4311251,-0.006574905,-0.00929522,-1.012197018,0.20774737,0.137016237,-0.068230368,,4.311251,-6.574905477,-1.012197018,-0.068230368
4311351,-0.006120812,-0.009438977,-1.015417814,0.157747209,0.095644787,-0.091753408,,4.311351,-6.120811682,-1.015417814,-0.091753408
4311451,-0.006095121,-0.009026489,-1.012415051,0.292311251,0.089360073,-0.005144503,,4.311451,-6.095121149,-1.012415051,-0.005144503
4311551,-0.00809926,-0.009840176,-1.014235497,0.189860612,0.116597183,-0.037369542,,4.311551,-8.099259809,-1.014235497,-0.037369542
4311651,-0.006314487,-0.009132409,-1.011920214,0.197532713,0.180010378,-0.072513327,,4.311651,-6.314487197,-1.011920214,-0.072513327
4311751,-0.005710501,-0.008097316,-1.013326645,0.16474925,0.175104916,0.065433823,,4.311751,-5.710500758,-1.013326645,0.065433823
4311851,-0.006130871,-0.008977883,-1.012274981,0.073619224,0.174136549,-0.101522937,,4.311851,-6.130871363,-1.012274981,-0.101522937
4311951,-0.00598175,-0.008345311,-1.013345838,0.229940936,0.171842024,-0.076359905,,4.311951,-5.981750321,-1.013345838,-0.076359905
4312051,-0.006158581,-0.007583153,-1.012828708,0.175666079,0.162994877,-0.061363034,,4.312051,-6.158580538,-1.012828708,-0.061363034
4312151,-0.006535863,-0.007984312,-1.01298511,0.100145489,0.135705352,-0.068122052,,4.312151,-6.535862572,-1.01298511,-0.068122052
4312251,-0.006836029,-0.010814533,-1.012934566,0.099843711,0.15760693,-0.066570625,,4.312251,-6.836029235,-1.012934566,-0.066570625
4312351,-0.006005268,-0.009070359,-1.013182402,0.176083431,0.292079061,-0.049819939,,4.312351,-6.005268078,-1.013182402,-0.049819939
4312451,-0.006469417,-0.008121573,-1.010968328,0.178592771,0.158787921,-0.049191225,,4.312451,-6.469416898,-1.010968328,-0.049191225
4312551,-0.007054678,-0.008518968,-1.011653543,0.246961922,0.162848875,0.021153515,,4.312551,-7.054677699,-1.011653543,0.021153515
4312651,-0.005204757,-0.00850688,-1.011502624,0.26097247,0.071919464,-0.055436324,,4.312651,-5.204756744,-1.011502624,-0.055436324
4312751,-0.006476597,-0.008331267,-1.013489127,0.09674184,0.060190134,-0.037794143,,4.312751,-6.476596929,-1.013489127,-0.037794143
4312851,-0.007165404,-0.007685,-1.013731599,0.140337646,0.060638018,-0.063860349,,4.312851,-7.165403571,-1.013731599,-0.063860349
4312951,-0.007138769,-0.008413348,-1.014479995,0.150186956,0.101999492,-0.029413914,,4.312951,-7.138768677,-1.014479995,-0.029413914
4313051,-0.004825126,-0.009558494,-1.01336658,0.216250092,0.199664772,-0.086951166,,4.313051,-4.825125914,-1.01336658,-0.086951166
4313151,-0.005639729,-0.008043172,-1.014863372,0.154412091,0.145229176,-0.130219936,,4.313151,-5.639728624,-1.014863372,-0.130219936
4313251,-0.006038847,-0.00792069,-1.014207363,0.074891247,0.083473273,-0.00835079,,4.313251,-6.038847379,-1.014207363,-0.00835079
4313351,-0.007287314,-0.008886367,-1.013463974,0.166001573,0.059745643,-0.128417239,,4.313351,-7.287314162,-1.013463974,-0.128417239
4313451,-0.005958915,-0.009046501,-1.012744546,0.171154931,0.162519082,-0.026320942,,4.313451,-5.958914757,-1.012744546,-0.026320942
4313551,-0.00667204,-0.00812337,-1.01198554,0.134228423,0.158938408,-0.060680568,,4.313551,-6.672040094,-1.01198554,-0.060680568
4313651,-0.007271396,-0.00728684,-1.013408899,0.099292964,0.052754022,-0.054771855,,4.313651,-7.271396462,-1.013408899,-0.054771855
4313751,-0.006213424,-0.008505066,-1.012470007,0.098132975,0.043085907,-0.002354712,,4.313751,-6.213424262,-1.012470007,-0.002354712
4313851,-0.005712607,-0.008084864,-1.012310386,0.140624166,0.281576783,-0.04940315,,4.313851,-5.712606944,-1.012310386,-0.04940315
4313951,-0.007065907,-0.009460651,-1.01173234,0.142386079,0.135248333,-0.121995971,,4.313951,-7.065906655,-1.01173234,-0.121995971
4314051,-0.006670251,-0.009357898,-1.012688398,0.092424244,0.094445281,-0.06212825,,4.314051,-6.670250557,-1.012688398,-0.06212825
4314151,-0.006141373,-0.008360054,-1.013174057,0.171237603,0.208087564,0.033922572,,4.314151,-6.141373422,-1.013174057,0.033922572
4314251,-0.006976532,-0.00834632,-1.012085438,0.165031239,0.117778711,-0.033526298,,4.314251,-6.976531819,-1.012085438,-0.033526298
4314351,-0.006372419,-0.007463923,-1.012592912,0.097117782,0.108247407,-0.107295729,,4.314351,-6.37241872,-1.012592912,-0.107295729
4314451,-0.007421048,-0.008368965,-1.011999011,0.168972924,0.103416666,-0.037795085,,4.314451,-7.421047892,-1.011999011,-0.037795085
4314551,-0.005850316,-0.008073173,-1.010984182,0.138948679,0.152348653,-0.226342887,,4.314551,-5.85031556,-1.010984182,-0.226342887
4314651,-0.00737516,-0.008681783,-1.011196017,0.028268598,0.037347727,0.031687468,,4.314651,-7.375160232,-1.011196017,0.031687468
4314751,-0.006766947,-0.007441862,-1.011761785,0.14556697,0.137001768,-0.011523575,,4.314751,-6.766946521,-1.011761785,-0.011523575
4314851,-0.007583776,-0.008784981,-1.013034582,0.247790039,0.126335084,-0.090667978,,4.314851,-7.583776023,-1.013034582,-0.090667978
4314951,-0.005471131,-0.009752264,-1.012207508,0.109739073,0.130733579,-0.067633055,,4.314951,-5.471131299,-1.012207508,-0.067633055
4315051,-0.006888545,-0.009395336,-1.011024475,0.185957581,0.196102873,0.002440247,,4.315051,-6.888545118,-1.011024475,0.002440247
4315151,-0.006496252,-0.007948049,-1.013349056,0.179905236,0.192656264,-0.057503864,,4.315151,-6.496252492,-1.013349056,-0.057503864
4315251,-0.008291444,-0.009376509,-1.012575865,0.151744038,0.150223702,-0.028912777,,4.315251,-8.29144381,-1.012575865,-0.028912777
4315351,-0.006543211,-0.008167754,-1.01261735,0.234196603,0.045122206,0.011150033,,4.315351,-6.543210708,-1.01261735,0.011150033
4315451,-0.00649163,-0.00904924,-1.01436007,0.131993845,0.113603152,-0.202190161,,4.315451,-6.491630338,-1.01436007,-0.202190161
4315551,-0.006177404,-0.00887643,-1.013728142,0.120413438,0.099001661,-0.14029181,,4.315551,-6.177403964,-1.013728142,-0.14029181
4315651,-0.007646989,-0.009675508,-1.014296174,0.248103052,0.172437713,-0.106565408,,4.315651,-7.646989077,-1.014296174,-0.106565408
4315751,-0.007176304,-0.009187534,-1.011672974,0.271850407,0.12777403,-0.069966093,,4.315751,-7.176304236,-1.011672974,-0.069966093
4315851,-0.006487732,-0.008608034,-1.013053179,0.174108863,0.176708713,-0.009805886,,4.315851,-6.487732287,-1.013053179,-0.009805886
4315951,-0.006180112,-0.009340878,-1.014236689,0.198388502,0.244267702,-0.29164964,,4.315951,-6.180111784,-1.014236689,-0.29164964
4316051,-0.005614318,-0.008090625,-1.015172482,0.192603469,0.159126252,-0.016344849,,4.316051,-5.614317954,-1.015172482,-0.016344849
4316151,-0.006268194,-0.008880022,-1.01464045,0.236381233,0.157564402,-0.032880049,,4.316151,-6.268194411,-1.01464045,-0.032880049
4316251,-0.006320408,-0.008272298,-1.01297152,0.179543123,0.245269463,-0.114464916,,4.316251,-6.32040808,-1.01297152,-0.114464916
4316351,-0.006150574,-0.009361012,-1.011492014,0.039788749,0.08842615,-0.104616813,,4.316351,-6.150573958,-1.011492014,-0.104616813
4316451,-0.006937035,-0.008754026,-1.011049628,0.136760399,0.148840949,-0.028241407,,4.316451,-6.937035359,-1.011049628,-0.028241407
4316551,-0.006407176,-0.009113041,-1.01189816,0.267296135,0.110170193,-0.072355434,,4.316551,-6.407175679,-1.01189816,-0.072355434
4316651,-0.006679106,-0.007417173,-1.013583899,0.14094317,0.251554489,-0.040214669,,4.316651,-6.679105572,-1.013583899,-0.040214669
4316751,-0.006747119,-0.00763317,-1.01394403,0.13488467,0.066026159,-0.136726484,,4.316751,-6.747119129,-1.01394403,-0.136726484
4316851,-0.006382782,-0.009701344,-1.013165474,0.253367096,0.046387434,-0.059211966,,4.316851,-6.382782478,-1.013165474,-0.059211966
4316951,-0.005800138,-0.009862673,-1.013637543,0.237409115,0.133370847,-0.175461605,,4.316951,-5.800137762,-1.013637543,-0.175461605
4317051,-0.006501017,-0.008324344,-1.013848424,0.173224434,0.167093203,-0.022426948,,4.317051,-6.501016673,-1.013848424,-0.022426948
4317151,-0.007569508,-0.008887824,-1.011332512,0.098654352,0.070497841,-0.153258815,,4.317151,-7.569507696,-1.011332512,-0.153258815
4317251,-0.007243878,-0.008307659,-1.01335144,0.221263334,0.035810165,-0.010642844,,4.317251,-7.243877742,-1.01335144,-0.010642844
4317351,-0.006166909,-0.008166856,-1.016084194,0.049280737,0.205402434,-0.085074157,,4.317351,-6.166909356,-1.016084194,-0.085074157
4317451,-0.006452533,-0.008496614,-1.013395309,0.179648593,0.189698905,-0.119534977,,4.317451,-6.452532951,-1.013395309,-0.119534977
4317551,-0.005101772,-0.009926428,-1.012703657,0.301666647,0.251355946,-0.042340342,,4.317551,-5.101772025,-1.012703657,-0.042340342
4317651,-0.006332182,-0.00910277,-1.012827873,0.164522857,0.124936841,0.035091184,,4.317651,-6.332182325,-1.012827873,0.035091184
4317751,-0.006063865,-0.009348121,-1.013093352,0.063410178,0.096411169,-0.083729863,,4.317751,-6.063865032,-1.013093352,-0.083729863
4317851,-0.005174801,-0.008278857,-1.013087869,0.093040995,0.082352541,-0.094173469,,4.317851,-5.174800754,-1.013087869,-0.094173469
4317951,-0.006733724,-0.009241377,-1.01496923,0.158936948,0.127033413,0.013881072,,4.317951,-6.733723916,-1.01496923,0.013881072
4318051,-0.005415692,-0.008361432,-1.013691306,0.198505476,0.103346884,-0.027073167,,4.318051,-5.41569246,-1.013691306,-0.027073167
4318151,-0.007020636,-0.009439126,-1.013191104,0.181645155,0.04071917,-0.022104137,,4.318151,-7.020636462,-1.013191104,-0.022104137
4318251,-0.006412771,-0.00918093,-1.014724255,0.175985798,0.053157885,0.002499047,,4.318251,-6.412771065,-1.014724255,0.002499047
4318351,-0.005260506,-0.009905502,-1.012669325,0.134976685,0.093044758,-0.048836291,,4.318351,-5.260505714,-1.012669325,-0.048836291
4318451,-0.006989409,-0.006953996,-1.013734102,0.044338625,0.169515774,-0.157957569,,4.318451,-6.98940875,-1.013734102,-0.157957569
4318551,-0.006234735,-0.008054907,-1.013045669,0.173355907,0.098444052,0.040092152,,4.318551,-6.234734785,-1.013045669,0.040092152
4318651,-0.007001602,-0.007982844,-1.012246728,0.208393186,0.176398292,-0.096035235,,4.318651,-7.001602091,-1.012246728,-0.096035235
4318751,-0.005019362,-0.008915889,-1.013353467,0.136788681,0.144474611,-0.112694107,,4.318751,-5.019361619,-1.013353467,-0.112694107
4318851,-0.006666057,-0.00860822,-1.012986898,0.25719896,0.219887838,-0.110547632,,4.318851,-6.666056812,-1.012986898,-0.110547632
4318951,-0.007220941,-0.008279572,-1.014626861,0.182653472,0.182214379,-0.081535749,,4.318951,-7.22094113,-1.014626861,-0.081535749
4319051,-0.006341853,-0.009902839,-1.016208172,0.19213222,0.220138907,-0.018232115,,4.319051,-6.341852713,-1.016208172,-0.018232115
4319151,-0.007250657,-0.008807444,-1.011939168,0.248745531,0.136007935,-0.03384386,,4.319151,-7.250656839,-1.011939168,-0.03384386
4319251,-0.007090989,-0.009576326,-1.013629556,0.115441509,0.098484576,-0.118560068,,4.319251,-7.090988569,-1.013629556,-0.118560068
4319351,-0.007537214,-0.008186261,-1.012653708,0.161761969,0.163993731,-0.010313885,,4.319351,-7.53721362,-1.012653708,-0.010313885
4319451,-0.006431045,-0.008342412,-1.013166785,0.167009547,0.169638231,-0.008439533,,4.319451,-6.431045011,-1.013166785,-0.008439533
4319551,-0.006018525,-0.007870411,-1.013105869,0.165028513,0.018174293,-0.066724345,,4.319551,-6.018524989,-1.013105869,-0.066724345
4319651,-0.006934752,-0.00704101,-1.011179566,0.152863249,0.051608309,-0.178488746,,4.319651,-6.934751756,-1.011179566,-0.178488746
4319751,-0.007850398,-0.008481281,-1.013005257,0.199324772,0.132623747,0.047994621,,4.319751,-7.85039831,-1.013005257,0.047994621
4319851,-0.007097764,-0.009486063,-1.013163805,0.013576463,0.178841189,0.043923479,,4.319851,-7.097764406,-1.013163805,0.043923479
4319951,-0.006923512,-0.009449468,-1.01255548,0.210621104,0.185552225,-0.097851411,,4.319951,-6.92351209,-1.01255548,-0.097851411
4320051,-0.007007135,-0.009760576,-1.012048006,0.193222687,0.19841291,-0.076051146,,4.320051,-7.007134613,-1.012048006,-0.076051146
4320151,-0.007333441,-0.009784298,-1.01322782,0.095803335,0.207161024,-0.016872309,,4.320151,-7.333440706,-1.01322782,-0.016872309
4320251,-0.006040919,-0.008390058,-1.014072657,0.135831311,0.205086634,0.008289782,,4.320251,-6.040918641,-1.014072657,0.008289782
4320351,-0.007144772,-0.008357164,-1.014932156,0.146361813,0.106627882,-0.200799331,,4.320351,-7.144771982,-1.014932156,-0.200799331
4320451,-0.007487594,-0.008252628,-1.011113524,0.204840228,0.163800716,-0.064172454,,4.320451,-7.487593684,-1.011113524,-0.064172454
4320551,-0.007562662,-0.009234769,-1.015203357,0.169527754,0.143303573,-0.011483313,,4.320551,-7.562662475,-1.015203357,-0.011483313
4320651,-0.006195173,-0.008176883,-1.012567878,0.056524668,0.184894279,-0.0211844,,4.320651,-6.195173133,-1.012567878,-0.0211844
4320751,-0.005612984,-0.009835389,-1.014126778,0.251837909,0.11534296,0.017066771,,4.320751,-5.6129843,-1.014126778,0.017066771
4320851,-0.007343242,-0.010252228,-1.013694406,0.137704492,0.066507421,-0.053445756,,4.320851,-7.343241945,-1.013694406,-0.053445756
4320951,-0.005593028,-0.008022131,-1.012355566,0.162252948,0.062980838,-0.025639653,,4.320951,-5.59302792,-1.012355566,-0.025639653
4321051,-0.006573339,-0.008172141,-1.013667226,0.13136068,0.196038902,-0.02756582,,4.321051,-6.573339459,-1.013667226,-0.02756582
4321151,-0.007051727,-0.009334289,-1.016394973,0.14365761,0.16380173,0.008866435,,4.321151,-7.051726803,-1.016394973,0.008866435
4321251,-0.006661545,-0.0095344,-1.014347672,0.259278387,0.160215274,-0.168714732,,4.321251,-6.661544554,-1.014347672,-0.168714732
4321351,-0.005798481,-0.008982076,-1.014197826,0.20030953,0.081632845,-0.068019189,,4.321351,-5.798480939,-1.014197826,-0.068019189
4321451,-0.006336783,-0.008579914,-1.013224959,0.159687698,0.192748711,-0.025829595,,4.321451,-6.336782593,-1.013224959,-0.025829595
4321551,-0.00673894,-0.008566483,-1.014671922,0.097425431,0.177853346,-0.139376357,,4.321551,-6.738940254,-1.014671922,-0.139376357
