"acc.x_x","acc.x_y","acc.y_x","acc.y_y","acc.z_x","acc.z_y","gyro.x_x","gyro.x_y","gyro.y_x","gyro.y_y","gyro.z_x","gyro.z_y"
340966,0.008170212619,340966,-0.05067191273,340966,0.9984747767,340966,17.02840233,340966,15.66892433,340966,0.5369010568,
341066,-0.01205114927,341066,-0.06427296996,341066,0.9994304776,341066,6.864233017,341066,15.44299984,341066,1.740770459,
341166,0.08998023719,341166,-0.0308587905,341166,0.9579705596,341166,5.960909843,341166,8.154320717,341166,-1.155937672,
341266,-0.01280536037,341266,-0.1542434692,341266,1.019851446,341266,6.412292957,341266,6.653703213,341266,-1.262174249,
341366,-0.01179082878,341366,-0.1037809327,341366,1.020813584,341366,7.905638218,341366,-2.421180487,341366,-1.589354753,
341466,-0.006993622053,341466,0.1844809651,341466,1.081717849,341466,-0.1535707265,341466,1.840659022,341466,-1.409685135,
341566,-0.2022771537,341566,-0.02469106764,341566,0.8980192542,341566,-0.6921618581,341566,9.092264175,341566,0.3667420149,
341666,-0.08439845592,341666,0.04425989464,341666,0.9358049035,341666,0.6594522595,341666,-10.01078987,341666,0.3260328174,
341766,-0.04451842606,341766,-0.2033636868,341766,0.9166328311,341766,4.038788795,341766,-6.765624523,341766,-1.290803671,
341866,-0.2150329351,341866,-0.2107910067,341866,0.9204084873,341866,3.156995058,341866,-11.2241354,341866,0.5873703361,
341966,-0.1449351162,341966,0.05766956881,341966,0.9825392365,341966,82.86971283,341966,-47.07692719,341966,2.047837019,
342066,0.113143757,342066,-0.09869928658,342066,0.9860360026,342066,-41.84231567,342066,5.108222008,342066,2.824670076,
342166,-0.01458512433,342166,0.05427058414,342166,1.035514355,342166,-75.81044006,342166,7.543644428,342166,-0.4407373369,
342266,0.003165018745,342266,-0.2012618333,342266,1.028229833,342266,-27.50690842,342266,5.54135704,342266,-1.785843015,
342366,0.02714941278,342366,-0.2732405961,342366,1.048014998,342366,12.25713158,342366,3.898723364,342366,-0.6774013638,
342466,-0.02643179707,342466,0.01133625675,342466,0.999239862,342466,1.029803872,342466,6.131615639,342466,1.438114285,
342566,-0.09970941395,342566,-0.2969757318,342566,0.9780296683,342566,-20.19952393,342566,0.322058171,342566,3.565598488,
342666,-0.07098957151,342666,0.1030116081,342666,0.9797195196,342666,-45.35430908,342666,17.50352669,342666,4.284509659,
342766,0.01805662736,342766,-0.09498721361,342766,0.8662111759,342766,36.58697128,342766,-19.0298214,342766,2.607114792,
342866,0.02395849489,342866,-0.02573885396,342866,1.072224498,342866,24.98742676,342866,-1.788527846,342866,2.918791533,
342966,-0.1555414945,342966,0.155393526,342966,0.9932693243,342966,13.98375607,342966,-2.19154501,342966,2.850905418,
343066,0.07157051563,343066,0.000718562922,343066,0.8939148784,343066,18.02244186,343066,-6.765329361,343066,1.44747889,
343166,-0.06846824288,343166,-0.1786053777,343166,1.038875222,343166,11.72581863,343166,-5.616556168,343166,0.6262652278,
343266,0.005329065956,343266,0.03275397792,343266,0.9687467813,343266,7.13667202,343266,0.6393025517,343266,2.634915829,
343366,-0.04438688979,343366,-0.07676770538,343366,0.8434417844,343366,3.389313936,343366,2.448213339,343366,2.860479355,
343466,-0.006208049133,343466,0.01222493406,343466,1.032655716,343466,-7.989582539,343466,17.5915699,343466,3.010683537,
343566,0.03907547146,343566,-0.04259406775,343566,0.9667593837,343566,-19.13893318,343566,18.96436882,343566,1.396770835,
343666,0.06805631518,343666,0.05180384219,343666,0.9922939539,343666,-9.029261589,343666,24.17412186,343666,-0.3659656346,
343766,0.08464130014,343766,-0.1666096896,343766,0.8992562294,343766,-26.11958122,343766,4.732396603,343766,-0.1535235643,
343866,-0.05693437904,343866,-0.03695588186,343866,0.94599998,343866,-15.28549385,343866,-9.251349449,343866,-0.4385617077,
343966,0.0005113515654,343966,-0.250090003,343966,0.894079566,343966,-17.65724373,343966,-17.88020515,343966,-0.9883348942,
344066,0.1112978011,344066,-0.04540139809,344066,1.148940444,344066,-52.59360504,344066,-9.09268856,344066,-1.787388921,
344166,-0.01318060607,344166,0.03843156248,344166,1.138644814,344166,36.12726974,344166,-16.54535866,344166,-2.938962698,
344266,-0.1037047133,344266,-0.08468645811,344266,0.9911046028,344266,5.207656384,344266,-9.074181557,344266,-5.997592926,
344366,-0.02983380295,344366,-0.01047975197,344366,1.032385707,344366,22.66098785,344366,-7.394300461,344366,-5.231763363,
344466,0.01528591849,344466,-0.005810208153,344466,0.9968438745,344466,50.77905655,344466,-5.959739685,344466,-5.970364094,
344566,-0.03350745887,344566,0.1619602293,344566,0.8968410492,344566,-2.218308926,344566,0.02277071029,344566,-0.6635417342,
344666,-0.08890150487,344666,-0.008968682028,344666,0.9287671447,344666,-9.437757492,344666,-5.930086136,344666,-0.3986827433,
344766,-0.1080469713,344766,0.2201640457,344766,0.9468976259,344766,-39.44555283,344766,-55.67500305,344766,-1.700559258,
344866,-0.08996710181,344866,0.02371140756,344866,0.9980669022,344866,-14.38367367,344866,31.6333828,344866,0.04905050248,
344966,0.04468734935,344966,-0.09811736643,344966,0.9526686668,344966,-8.312368393,344966,11.51070786,344966,-2.178962231,
345066,0.005576871336,345066,0.01580119133,345066,0.996550858,345066,8.266810417,345066,10.61355019,345066,-0.6746834517,
345166,-0.0311922282,345166,0.03439629078,345166,0.9532257318,345166,12.35239315,345166,16.02243996,345166,-0.7839338779,
345266,-0.2601200342,345266,0.03206287697,345266,0.8744263649,345266,5.347237587,345266,26.27959061,345266,-0.1950170398,
345366,0.0235085059,345366,0.2164062709,345366,0.9978291392,345366,4.852272511,345366,8.339208603,345366,-0.5758459568,
345466,-0.1703135967,345466,0.04299525544,345466,0.9322879314,345466,2.959885359,345466,4.08656168,345466,-2.514079571,
345566,-0.0686006099,345566,0.0499053672,345566,0.9222870469,345566,0.6035447121,345566,-13.95813274,345566,-1.963635802,
345666,0.08351057768,345666,-0.2372345477,345666,1.028245926,345666,-0.8630285859,345666,-14.31905556,345666,-0.7714936733,
345766,-0.1054512113,345766,0.0721610263,345766,1.026024222,345766,-3.04467535,345766,-19.86449242,345766,-0.8505542874,
345866,-0.09904069453,345866,-0.05532126874,345866,0.8909205794,345866,-2.46984601,345866,-19.51430321,345866,-1.128870726,
345966,-0.009609796107,345966,0.02075699717,345966,1.030186653,345966,-0.8404582143,345966,-14.46699715,345966,-0.6419638991,
346066,-0.04461266473,346066,-0.06968793273,346066,0.9605576992,346066,1.937065125,346066,0.447360307,346066,-0.188242048,
346166,-0.01943841763,346166,0.1372888088,346166,0.9736614823,346166,0.6595196128,346166,-0.004161367659,346166,1.469842076,
346266,-0.06033046916,346266,-0.05312488601,346266,1.013231039,346266,-2.939274549,346266,-0.7743489146,346266,2.034032106,
346366,-0.01955080219,346366,-0.04792270437,346366,0.9988527894,346366,-2.045072556,346366,-1.536132932,346366,1.859044313,
346466,0.2018057257,346466,-0.09397285432,346466,0.9754644632,346466,3.60421586,346466,-9.478170395,346466,0.0326939486,
346566,-0.04964814708,346566,-0.1206712276,346566,0.9865002036,346566,2.036290646,346566,-5.470928192,346566,0.4856915474,
346666,0.006690066773,346666,-0.01491382346,346666,0.997646749,346666,-1.093091726,346666,0.3688494265,346666,0.6724386215,
346766,-0.06319398433,346766,0.03024978563,346766,0.9733319879,346766,2.849760771,346766,0.3437211215,346766,-1.138338208,
346866,0.01716348156,346866,0.02280432172,346866,0.9483808875,346866,-1.986213923,346866,-1.917517424,346866,-0.6793688536,
346966,-0.03270188719,346966,-0.04347560555,346966,0.9579803348,346966,-2.039463043,346966,-3.344614983,346966,-0.8306095004,
347066,0.002297688974,347066,0.01362041198,347066,0.9432317615,347066,-0.6499838233,347066,-1.729102492,347066,-0.1437070519,
347166,-0.1031752676,347166,0.01144201122,347166,0.9454590082,347166,-10.70182419,347166,10.030653,347166,0.5508138537,
347266,0.06298232079,347266,-0.03313779086,347266,0.9012435675,347266,-6.32917738,347266,32.32667923,347266,2.642763376,
347366,-0.03309230134,347366,0.1022029668,347366,0.8400874734,347366,-3.21380806,347366,17.46989632,347366,2.051054239,
347466,-0.466065526,347466,-0.08028484136,347466,0.886115551,347466,-18.54050064,347466,69.60214996,347466,4.216656208,
347566,-0.1046981066,347566,-0.1180840135,347566,0.9706888199,347566,-7.226778507,347566,37.56124496,347566,3.79071188,
347666,0.1066615134,347666,-0.07040671259,347666,0.9852076769,347666,31.89958382,347666,-82.30768585,347666,2.11008954,
347766,-0.1108463332,347766,-0.006447833963,347766,1.089706898,347766,5.083139896,347766,-16.87130547,347766,1.903386474,
347866,-0.09643734246,347866,0.1334213167,347866,0.9354276061,347866,-1.901438594,347866,-4.719463825,347866,0.5666865706,
347966,0.06309303641,347966,-0.03837974742,347966,0.8959160447,347966,-0.5109931827,347966,-24.49716187,347966,4.337073326,
348066,0.1971800327,348066,-0.006135691423,348066,0.976546526,348066,-3.748363733,348066,-20.49591255,348066,5.996275902,
348166,0.0817848444,348166,0.07707432657,348166,1.040567756,348166,-3.572239399,348166,-4.762601852,348166,3.943698883,
348266,-0.02217860147,348266,0.007741681766,348266,0.9647848606,348266,0.06135946885,348266,-0.4103014469,348266,2.66770792,
348366,-0.02391286194,348366,-0.05360792577,348366,0.9474360347,348366,-1.313354969,348366,-2.421537399,348366,4.653278351,
348466,-0.1362876147,348466,-0.1432560533,348466,0.9522072077,348466,-3.148926497,348466,-0.4403500259,348466,5.697971344,
348566,0.03937432915,348566,0.07369731367,348566,0.9692541361,348566,-1.821687341,348566,-1.78904295,348566,7.238403797,
348666,0.01549320668,348666,0.03909028694,348666,1.067385674,348666,2.17848897,348666,-3.937263012,348666,6.444253445,
348766,-0.002561443485,348766,0.0336737521,348766,1.067307353,348766,3.766465664,348766,0.8046928644,348766,4.240293026,
348866,-0.03669345006,348866,0.03351043537,348866,1.031611443,348866,-2.117645264,348866,2.12496829,348866,2.247096062,
349066,0.04199995473,349066,0.02209884487,349066,1.028667569,349066,-2.092975616,349066,-0.4331112504,349066,-2.480467319,
349166,0.01600889489,349166,-0.01702618599,349166,0.9291854501,349166,2.416705847,349166,0.8776771426,349166,-4.919098854,
349266,0.1458566785,349266,0.03772906959,349266,1.051662445,349266,9.831120491,349266,1.468630791,349266,-9.413085938,
349366,0.02450263128,349366,-0.06318817288,349366,0.9545397162,349366,13.2682457,349366,1.9429456,349366,-9.61365509,
349466,0.1854893565,349466,0.01549959183,349466,1.000839591,349466,6.314230919,349466,15.21536922,349466,-9.936723709,
349566,-0.05063319206,349566,0.04842548072,349566,1.054433584,349566,1.085689306,349566,6.778505325,349566,-7.472723961,
349666,-0.02586471289,349666,-0.02308210172,349666,0.9901422262,349666,-2.022154331,349666,6.630258083,349666,-5.748631954,
349766,0.0475904271,349766,0.1009877473,349766,1.031904459,349766,-11.53533554,349766,2.19218564,349766,-2.181632996,
349866,0.07039141655,349866,-0.1550003439,349866,0.9647319317,349866,0.3403170109,349866,-10.49901199,349866,0.5310655236,
349966,1.729342818,349966,0.2327903956,349966,5.015796185,349966,76.71797943,349966,-45.06142807,349966,-14.67198086,
350066,0.1526529938,350066,-0.3012866378,350066,1.101040602,350066,-2.386008739,350066,-12.57211971,350066,-2.846428871,
350166,-0.2538284361,350166,-0.223259896,350166,0.8941662908,350166,-21.42557716,350166,-4.003574371,350166,-1.295603991,
350266,0.1396899819,350266,-0.2095780373,350266,0.9867042303,350266,-18.04362679,350266,3.004405499,350266,0.09582348913,
350366,-0.01593908854,350366,-0.07749655843,350366,0.9240242839,350366,-2.793434858,350366,-2.2304883,350366,1.103328109,
350466,-0.06073317304,350466,-0.06404288113,350466,0.8994643688,350466,9.921211243,350466,-2.106233835,350466,-0.9496387243,
350566,-0.1162748784,350566,-0.1428979039,350566,0.8355579376,350566,1.488003969,350566,0.8100827932,350566,2.900343418,
350666,-0.06903461367,350666,0.07583645731,350666,0.9650725126,350666,-5.380460739,350666,0.3040568531,350666,3.00821352,
350766,-0.1219573244,350766,0.008130323142,350766,1.000813723,350766,-5.613367558,350766,-2.565504551,350766,2.955307484,
350866,-0.08009881526,350866,-0.1029510349,350866,0.9873999357,350866,-6.391501427,350866,-2.962705135,350866,1.932632804,
350966,-0.04640737176,350966,-0.009345371276,350966,1.008416891,350966,-3.970649004,350966,-0.6875447631,350966,1.323250651,
351066,-0.393668443,351066,-0.07728281617,351066,0.9921988249,351066,-1.596240878,351066,1.267647028,351066,1.793571711,
351166,-0.03325077891,351166,-0.08641271293,351166,1.043484807,351166,1.159834862,351166,0.5080766082,351166,2.812435627,
351366,0.05446621031,351366,0.05922074243,351366,1.006721973,351366,-0.03882820159,351366,-2.867139816,351366,2.925522089,
351466,0.03813587502,351466,-0.005142641719,351466,1.079147458,351466,1.003586054,351466,0.05033527687,351466,6.051124573,
351566,0.05093280599,351566,0.01068293024,351566,1.047929049,351566,-1.262803078,351566,-8.811637878,351566,3.314160585,
351666,-0.02146978118,351666,0.03659882024,351666,1.025781035,351666,-0.9889019728,351666,-12.9823637,351666,0.1948483437,
351766,-0.0506090112,351766,0.02672419325,351766,0.9338520169,351766,0.7668069005,351766,-7.964957714,351766,-2.057225704,
351866,-0.03380187228,351866,0.1238325387,351866,1.032283783,351866,6.560529232,351866,-4.492964745,351866,-1.056514382,
351966,0.1046793982,351966,0.05816597864,351966,1.086940527,351966,10.5094099,351966,-3.938759089,351966,0.639737606,
352066,0.01133102644,352066,0.03161510825,352066,0.9614992738,352066,6.982531548,352066,-2.06042695,352066,-2.189928055,
352166,-0.03763540834,352166,0.06408518553,352166,0.935321629,352166,6.959203243,352166,-1.650807261,352166,-3.794432402,
352266,0.001705258968,352266,0.02195850387,352266,0.9371749759,352266,0.07587328553,352266,2.180819273,352266,-1.450286746,
352366,-0.007358108182,352366,0.00705440389,352366,0.8876457214,352366,1.950003028,352366,-1.088460803,352366,0.3287721276,
352466,0.04826271161,352466,0.1101994216,352466,0.8435542583,352466,1.82226038,352466,-3.519991398,352466,-0.783110857,
352566,0.1176356524,352566,0.01318743825,352566,1.005761623,352566,1.012094498,352566,-4.850982666,352566,-0.004997122101,
352666,0.06482367218,352666,0.08611718565,352666,1.081261754,352666,-0.7708077431,352666,-0.5179211497,352666,0.3827356398,
352766,-0.05964624509,352766,-0.059495233,352766,0.9088053107,352766,-4.545794487,352766,2.45660305,352766,2.134847641,
352866,0.01664484665,352866,-0.07234705985,352866,0.9235567451,352866,-1.874568462,352866,0.5973221064,352866,1.049777269,
352966,0.1170457974,352966,0.08594837785,352966,1.074440479,352966,-1.166749716,352966,-2.409328699,352966,0.08767945319,
353066,-0.1045369729,353066,-0.1025995687,353066,0.9022283554,353066,-11.4699173,353066,7.356443405,353066,-4.02888155,
353166,0.04217170924,353166,0.2101136744,353166,0.9515471458,353166,-10.75149632,353166,27.5814743,353166,-9.869965553,
353266,-0.02803009935,353266,0.08070734143,353266,0.9574385285,353266,-23.02523994,353266,103.8474884,353266,-3.128332853,
353366,-0.03699262813,353366,-0.01774023473,353366,1.031480074,353366,13.76464081,353366,-3.054739714,353366,-4.387646675,
353466,-0.2531420588,353466,0.004375659861,353466,1.017507315,353466,-2.889677763,353466,-14.11889362,353466,-4.054794788,
353566,-0.03407797217,353566,-0.001195726916,353566,0.9838865995,353566,0.9091280699,353566,-26.86952591,353566,0.7974180579,
353666,-0.03049390391,353666,-0.1798791736,353666,1.033945084,353666,3.23288393,353666,-34.49032593,353666,5.381317139,
353766,-0.0618034564,353766,-0.2013419122,353766,0.8969265819,353766,-2.990004301,353766,-34.38902664,353766,8.263246536,
353866,0.1173817813,353866,-0.07736255974,353866,1.055192709,353866,-5.535782814,353866,-10.98286343,353866,3.824256897,
353966,0.1349521428,353966,0.04924853519,353966,1.009284377,353966,-1.321838021,353966,14.17588711,353966,-0.4188520908,
354066,0.0329843089,354066,-0.1104097739,354066,0.8748148084,354066,2.607816458,354066,5.835419178,354066,-2.527890205,
354166,-0.03315326199,354166,0.05504984781,354166,0.9181986451,354166,3.580031633,354166,-2.96694541,354166,-3.889177561,
354266,0.07094884664,354266,-0.2792764902,354266,1.064304113,354266,11.75401783,354266,-3.40201354,354266,-5.791584969,
354366,-0.04878085107,354366,0.1572137326,354366,1.174620152,354366,14.81752396,354366,-4.912535667,354366,-5.624382496,
354466,-0.8247889876,354466,-0.08407351375,354466,1.086833119,354466,7.020308495,354466,4.930552959,354466,-3.140783787,
354566,-0.1446561664,354566,0.1228348464,354566,1.061740875,354566,7.190921307,354566,4.277348995,354566,-2.300400734,
354666,-0.01084836386,354666,0.01823437959,354666,1.044044256,354666,4.458341599,354666,5.749578953,354666,-0.483748138,
354766,0.01648010686,354766,-0.1242600232,354766,1.130767584,354766,-1.890427232,354766,8.07759285,354766,1.172388911,
354866,-0.05015647039,354866,0.09489102662,354866,0.9519638419,354866,-3.193940639,354866,7.529758453,354866,3.380716085,
354966,-0.006754782982,354966,-0.1828967631,354966,0.9884068966,354966,-17.47968864,354966,11.57663536,354966,3.76702714,
355066,0.00738034118,355066,-0.1965380311,355066,1.084990859,355066,-7.391978741,355066,0.002288013231,355066,2.397585392,
355166,0.1379448026,355166,-0.1234460324,355166,1.162381887,355166,-5.35566473,355166,0.8417775035,355166,-0.5115379095,
355266,-0.09272163361,355266,0.183241412,355266,1.035825372,355266,7.233380795,355266,-14.92280579,355266,-0.1260069609,
355366,0.08446199447,355366,-0.05463282019,355366,1.131568551,355366,39.13544464,355366,-10.78571224,355366,-1.456103683,
355466,-0.008122188039,355466,0.02681444772,355466,1.06112206,355466,26.69354439,355466,-4.4287076,355466,-4.239483356,
355566,-0.07291641831,355566,-0.252200067,355566,1.04047823,355566,-27.63723373,355566,-12.33730698,355566,-0.7710325122,
355666,-0.2311282009,355666,0.004070573021,355666,1.038227916,355666,-8.303767204,355666,-2.731215,355666,-2.08359623,
355766,0.03188870475,355766,-0.008247670718,355766,1.028838515,355766,-1.588046432,355766,5.723760605,355766,0.1051562279,
355866,-0.04225747287,355866,-0.1050525084,355866,1.033390641,355866,-7.267288208,355866,5.070721626,355866,2.192424297,
355966,-0.02950274572,355966,-0.0439196229,355966,0.9576253295,355966,-23.83834839,355966,9.778543472,355966,2.900031805,
356066,0.08526083082,356066,-0.1898616552,356066,0.8736122847,356066,-19.85327339,356066,4.474790573,356066,1.371049285,
356166,-0.07529705763,356166,-0.3576585352,356166,0.8128591776,356166,-40.61340332,356166,16.54698181,356166,1.663836837,
356266,-0.007449960336,356266,-0.01540105697,356266,0.964830637,356266,-7.036231041,356266,7.527523994,356266,0.3993408382,
356366,-0.03607155755,356366,0.06040664762,356366,1.063798189,356366,47.84779739,356366,-24.25229645,356366,-0.7911045551,
356466,-0.006370423827,356466,0.1180591807,356466,1.088888168,356466,21.16649628,356466,-4.910435677,356466,0.409909755,
356566,-0.1363021433,356566,0.05148341134,356566,1.029986739,356566,4.045689106,356566,-3.677151203,356566,-1.066532373,
356666,-0.07033180445,356666,0.01595035754,356666,0.8723858595,356666,2.57333684,356666,-4.545785904,356666,0.2726449966,
356766,-0.0580625087,356766,-0.00353031652,356766,0.9399691224,356766,2.718573332,356766,-5.383039474,356766,0.8144530654,
356866,-0.186184749,356866,-0.01091700513,356866,0.9772788286,356866,3.392637253,356866,2.216212273,356866,0.2886664867,
356966,-0.008053782396,356966,-0.007423230913,356966,0.9261672497,356966,0.7338038087,356966,0.0068388246,356966,0.3552804887,
357066,-0.0686468631,357066,-0.02050535567,357066,0.8975020647,357066,-1.199684858,357066,-2.091255426,357066,0.4989760518,
357166,7.926191756e-05,357166,-0.00696248794,357166,0.917725563,357166,-3.28789115,357166,-0.2870272994,357166,0.9286398888,
357266,-0.2159207016,357266,-0.004064951558,357266,0.9283978343,357266,-1.203988194,357266,0.09520437568,357266,-0.06237028912,
357366,0.007715760265,357366,0.1781352162,357366,0.9886743426,357366,-3.718954563,357366,0.6656714678,357366,-0.07158312201,
357466,-0.2074693441,357466,-0.1261502355,357466,0.8411386609,357466,0.2927739024,357466,-1.836095333,357466,0.1871037185,
357566,-0.06674654782,357566,-0.1084292531,357566,1.042444944,357566,21.74147224,357566,0.01686111279,357566,-0.918459177,
357666,0.03872668371,357666,0.02969188802,357666,1.013422966,357666,15.20816803,357666,-1.49661231,357666,0.1652987599,
357766,-0.01943705603,357766,-0.1770412773,357766,1.026596546,357766,44.71919632,357766,-4.349982262,357766,0.4686464071,
357866,0.01601813734,357866,-0.09357050061,357866,1.100193262,357866,-6.998266697,357866,-1.992587328,357866,1.707163095,
357966,-0.02050254866,357966,-0.06241963431,357966,1.01812017,357966,-4.06099987,357966,-4.101496696,357966,-0.2752498686,
358066,-0.09530784935,358066,0.1573146433,358066,0.9906526208,358066,-22.92269897,358066,-1.542715073,358066,-1.884655476,
358166,-0.06206252053,358166,0.08984986693,358166,1.094473004,358166,-11.5564518,358166,2.305575609,358166,-1.615235448,
358266,-0.0128021976,358266,0.05072838441,358266,1.046189785,358266,-9.650555611,358266,-2.992204905,358266,-1.013421535,
358366,-0.08726107329,358366,-0.1844464689,358366,0.8800860643,358366,3.152542591,358366,-3.117228031,358366,-0.0443526879,
358466,0.02577644773,358466,0.2840675712,358466,1.000513315,358466,2.568424225,358466,-4.176809311,358466,0.08057127148,
358566,-0.06499009579,358566,0.02678501606,358566,0.9938911796,358566,2.172194242,358566,-3.939193726,358566,-1.308713317,
358666,-0.06827871501,358666,-0.09573007375,358666,1.045193076,358666,1.603848934,358666,2.436448097,358666,-1.146266222,
358766,-0.05280977488,358766,-0.1236978099,358766,1.011740923,358766,-11.94095898,358766,2.142041445,358766,0.008023306727,
358866,0.06242102012,358866,-0.2105484605,358866,1.004745007,358866,-19.12514877,358866,5.634974003,358866,2.492795706,
358966,-0.07787131518,358966,0.2063332945,358966,0.964402914,358966,-7.491747856,358966,-0.2262775153,358966,0.630240798,
359066,-0.005955114495,359066,0.1222405955,359066,1.074904442,359066,1.78270185,359066,-3.4797616,359066,1.449028373,
359166,-0.1682887077,359166,-0.3100124598,359166,0.870143652,359166,2.73203826,359166,-3.664581537,359166,2.862794638,
359266,0.01054501347,359266,0.01414264273,359266,0.9937072396,359266,25.37738228,359266,26.66628456,359266,2.7178123,
359366,-0.07721600682,359366,0.1236206219,359366,0.989415586,359366,8.170646667,359366,8.21814537,359366,1.934567571,
359466,-0.04691904783,359466,-0.2158236504,359466,0.8868492246,359466,6.056997776,359466,-0.3836723566,359466,1.816911221,
359566,-0.06793245673,359566,-0.01613288932,359566,1.101181388,359566,9.87503624,359566,6.720600128,359566,-0.3159200847,
359666,-0.1946420819,359666,-0.1456167847,359666,0.8281602263,359666,9.694937706,359666,-1.18657732,359666,-1.345977783,
359766,0.06701637059,359766,0.2430537343,359766,1.062518835,359766,6.42047739,359766,-5.811355114,359766,-1.021311045,
359866,-0.06768656522,359866,0.06456228346,359866,1.115695477,359866,4.49674511,359866,2.231159925,359866,-1.43413794,
359966,0.1888290644,359966,0.07171136886,359966,1.163191199,359966,-7.745595932,359966,-2.425880671,359966,-3.175932169,
360066,-0.02474604733,360066,-0.1367717534,360066,1.023969412,360066,-6.073032379,360066,-0.6095926166,360066,-3.86369133,
360166,-0.02932848036,360166,0.2727427483,360166,1.06712842,360166,-5.775822163,360166,10.23063183,360166,-1.418286681,
360266,-0.02345009707,360266,0.004273684695,360266,0.9988951087,360266,-2.994772911,360266,8.202281952,360266,-1.932673097,
360366,-0.008080320433,360366,-0.01902805269,360366,0.9827201962,360366,2.191712141,360366,2.304773808,360366,-0.8641921878,
360466,0.1801591665,360466,-0.1263330877,360466,0.9546623826,360466,3.255303621,360466,-2.062289238,360466,-2.21351409,
360566,-0.01535365637,360566,-0.05144480988,360566,0.9901099801,360566,-7.724104404,360566,-5.605969429,360566,0.04825261608,
360666,-0.02113169245,360666,0.1085326076,360666,0.9739758968,360666,-13.1871891,360666,12.04183483,360666,1.32070601,
360766,-0.06525358558,360766,-0.0585321188,360766,1.025849342,360766,-8.931238174,360766,10.55560303,360766,1.562229753,
360866,-0.1963881105,360866,-0.03761674091,360866,1.028239727,360866,-5.838311672,360866,9.34141922,360866,3.975724936,
360966,-0.2486577332,360966,-0.1263282448,360966,0.9400907755,360966,-10.53577614,360966,10.13047886,360966,7.082065582,
361066,-0.06394970417,361066,-0.05425877124,361066,0.9798406959,361066,25.1774826,361066,-18.95248604,361066,3.312734365,
361166,-0.1281919032,361166,0.1519647539,361166,0.9118690491,361166,32.79984665,361166,-14.82328224,361166,0.8925405741,
361266,-0.04059000686,361266,-0.1503762603,361266,0.938970387,361266,11.19538212,361266,-13.13082218,361266,1.692619324,
361366,0.1189663857,361366,-0.3888284564,361366,0.9764387608,361366,7.52028656,361366,-15.27768612,361366,-1.498835206,
361466,-0.07568939775,361466,-0.3433372676,361466,0.9778169394,361466,6.378521442,361466,-11.23530388,361466,-1.92977643,
361566,-0.0519310534,361566,-0.06391955912,361566,0.9783583283,361566,-0.5541764498,361566,-7.602780342,361566,-0.9087272286,
361666,-0.46431306,361666,-0.1221658513,361666,0.9578922987,361666,4.785119534,361666,-6.197909832,361666,-1.637675524,
361766,-0.1155410036,361766,-0.04332744703,361766,1.00783205,361766,3.926748514,361766,-0.531298697,361766,-1.343299031,
361866,0.1455655843,361866,-0.1217687801,361866,1.134040833,361866,-2.282120943,361866,2.571710825,361866,-0.2690908313,
361966,-0.003918111324,361966,-0.03659498692,361966,1.06364572,361966,-8.255003929,361966,7.781606674,361966,2.004682541,
362066,0.1519031525,362066,0.1702618599,362066,1.177421689,362066,-3.299555063,362066,2.261178255,362066,2.762379646,
362166,-0.01265610754,362166,-0.2415020466,362166,1.025023699,362166,-1.622811317,362166,-2.665066004,362166,1.882476926,
362266,-0.08037033677,362266,-0.06770222634,362266,1.140422344,362266,1.699771762,362266,-1.7483356,362266,0.397867471,
362366,-0.06739978492,362366,-0.09488313645,362366,1.139285803,362366,1.761742234,362366,-6.647984982,362366,-0.183291316,
362466,-0.1253180802,362466,0.08581711352,362466,1.093679786,362466,6.572865963,362466,19.30353737,362466,2.178236961,
362566,0.031609606,362566,0.03472822532,362566,1.112204313,362566,12.28062248,362566,14.56475258,362566,1.287555814,
362666,-0.1128494814,362666,0.1901752204,362666,1.065925002,362666,36.01401901,362666,64.60749054,362666,0.9110686779,
362766,-0.0595908314,362766,-0.4391176999,362766,1.089972973,362766,12.58970642,362766,-9.138010025,362766,0.9938131571,
362866,-0.08325788379,362866,-0.3010447919,362866,0.8867092133,362866,6.353374004,362866,-11.48423767,362866,0.3970986605,
362966,0.01397170592,362966,-0.1967231184,362966,0.9985327125,362966,-1.790497184,362966,-13.77697849,362966,1.147007465,
363066,-0.0135965962,363066,0.1990463734,363066,1.08877182,363066,-48.9077034,363066,-2.873193979,363066,2.478752851,
363166,0.04139180854,363166,-0.1127839386,363166,1.039968252,363166,-21.17920113,363166,-1.540275574,363166,3.215343714,
363266,0.01130460296,363266,0.2161628604,363266,0.9810801744,363266,-0.8960083127,363266,-2.322710037,363266,3.00301981,
363366,-0.04402840883,363366,-0.05143294111,363366,0.8578938842,363366,13.52168369,363366,-2.763426304,363366,2.3769238,
363466,-0.1598105133,363466,0.005816489924,363466,0.938018024,363466,7.552279949,363466,-0.05485805497,363466,1.179613471,
363566,-0.07672318071,363566,0.002964287065,363566,0.9998950362,363566,6.166664124,363566,0.5597720742,363566,0.825615108,
363666,-0.07469729334,363666,-0.1787761301,363666,0.9171637297,363666,3.579628229,363666,-2.588533163,363666,-0.2833527029,
363766,-0.003447927535,363766,0.07357455045,363766,0.9634324312,363766,1.671658516,363766,0.5527809858,363766,-2.055141449,
363866,-0.01720942557,363866,-0.01822042465,363866,0.9344781041,363866,2.315450668,363866,0.2246793807,363866,-1.807181001,
363966,-0.1519091725,363966,0.02236771025,363966,0.9336519837,363966,1.741532445,363966,4.450240612,363966,-2.67543745,
364066,-0.06512661278,364066,-0.1604215056,364066,0.8075832725,364066,-1.33067131,364066,7.427724838,364066,-3.287873507,
364166,0.06479258835,364166,0.04342451319,364166,1.025777459,364166,-3.900035858,364166,3.824746847,364166,-3.414131403,
364266,-0.06305683404,364266,0.0786762014,364266,0.980463326,364266,-29.43432426,364266,27.19055367,364266,2.70299387,
364366,-0.02738903649,364366,-0.06333757192,364366,0.8825469613,364366,30.65966606,364366,-20.93818665,364366,1.123265624,
364466,0.07189390808,364466,0.1488336176,364466,0.9332661629,364466,-1.158945918,364466,-1.455803156,364466,-0.6514976025,
364566,-0.02591904439,364566,-0.08873906732,364566,0.9767181873,364566,6.894512177,364566,-8.198574066,364566,-3.399887562,
364666,0.118333891,364666,0.01585072838,364666,0.9978609085,364666,21.44152832,364666,-10.49965954,364666,-2.522614956,
364766,0.004400962964,364766,-0.01086438634,364766,0.9053544998,364766,95.57185364,364766,-12.81725693,364766,-0.7837985754,
364866,0.0414836891,364866,0.09728565067,364866,0.928193152,364866,-73.1344986,364866,27.7289753,364866,1.477157354,
364966,-0.08337762207,364966,-0.1279588193,364966,0.910076499,364966,17.21210289,364966,-10.25256157,364966,3.868078947,
365066,-0.007319267374,365066,-0.06205691025,365066,1.039543152,365066,-48.9729538,365066,18.3234787,365066,2.506562471,
365166,0.000310900592,365166,0.02112473547,365166,1.066222191,365166,-26.06563759,365166,12.81338406,365166,1.349434137,
365266,0.2254963368,365266,-0.0626790598,365266,1.023654938,365266,17.01208496,365266,-5.073513508,365266,-3.121416569,
365366,0.09039736539,365366,-0.07690739632,365366,1.058334589,365366,32.15086365,365366,6.257571697,365366,-4.005783558,
365466,-0.2765097916,365466,0.1469633281,365466,1.046277285,365466,22.27683449,365466,45.22639084,365466,-3.005910397,
365566,0.1415808201,365566,-0.08903984725,365566,0.9719324708,365566,17.78453445,365566,22.50429726,365566,-4.05678463,
365666,-0.3742488623,365666,0.003808168694,365666,0.8432191014,365666,18.76566124,365666,-4.015428543,365666,-3.089458942,
365766,-0.1063538417,365766,0.0075541283,365766,0.9223434329,365766,3.657659769,365766,-33.90510941,365766,-2.089423418,
365866,0.04729129001,365866,0.2821184993,365866,1.10922575,365866,-67.10958862,365866,-51.71308136,365866,3.732735634,
365966,-0.06995197386,365966,-0.3023573458,365966,0.9320293069,365966,-25.4891758,365966,-21.93075371,365966,4.017966747,
366066,-0.002666122047,366066,0.06357658654,366066,0.9831129313,366066,-17.06419754,366066,-4.282898426,366066,1.985188484,
366166,0.2212338001,366166,-0.05257290602,366166,1.06981504,366166,19.77654839,366166,11.87031174,366166,1.892954826,
366266,0.05913912132,366266,-0.13161318,366266,1.008079886,366266,25.97821236,366266,22.78253937,366266,2.864197254,
366466,0.02512866445,366466,-0.2269450575,366466,1.056934237,366466,18.95013046,366466,104.6035233,366466,3.69912672,
366566,-0.03349733353,366566,0.01248309389,366566,0.9822334051,366566,16.80413628,366566,34.49077606,366566,3.728639841,
366666,0.009168461896,366666,-0.1413828582,366666,0.9860759974,366666,18.71862793,366666,-100.6334457,366666,0.4308456779,
366766,-0.004541910253,366766,0.03523537889,366766,1.012502909,366766,6.924524784,366766,-73.94213867,366766,2.868323088,
366866,-0.02471573278,366866,0.02507606521,366866,0.9941517115,366866,-59.36514282,366866,-82.86081696,366866,0.9273154736,
366966,-0.0776463002,366966,-0.03708193824,366966,0.9800004959,366966,-21.82468224,366966,24.19724464,366966,-2.8628757,
367066,-0.004146520514,367066,-0.02088741772,367066,1.0176965,367066,24.9232235,367066,18.85668564,367066,-5.227585793,
367166,-0.007650844753,367166,-0.0006655737525,367166,1.187557459,367166,27.73461342,367166,12.60287476,367166,3.190598726,
367266,0.002756952541,367266,-0.2288145721,367266,1.31441021,367266,-40.41979218,367266,-149.3253937,367266,3.766779661,
367366,0.1329759657,367366,-0.2145737261,367366,1.252905607,367366,35.15689468,367366,-10.71444798,367366,3.229625225,
367466,0.04200848565,367466,-0.07607070357,367466,1.124541044,367466,37.89348221,367466,7.704946995,367466,2.085525036,
367566,0.02619642578,367566,0.02301244438,367566,1.096740365,367566,15.51746845,367566,14.46411991,367566,-0.2385163754,
367666,0.04472326487,367666,0.05001496151,367666,1.085764647,367666,-23.81425476,367666,43.59792709,367666,-0.4279434085,
367766,0.03505509719,367766,-0.04328144714,367766,1.108582377,367766,-7.04337883,367766,20.56994438,367766,-1.086717725,
367866,0.002769839251,367866,0.3076558709,367866,1.075420141,367866,67.86936188,367866,-21.99448013,367866,3.37362504,
367966,-0.1509162337,367966,-0.02110437118,367966,1.028616071,367966,48.40175629,367966,0.6488839984,367966,1.006251574,
368066,-0.1190095246,368066,-0.04718965665,368066,0.935225606,368066,16.02750206,368066,-10.45580292,368066,2.24797821,
368166,-0.06934411079,368166,-0.2392001301,368166,0.8255335689,368166,-17.98017693,368166,-26.60951233,368166,0.3170465529,
368266,-0.03777011484,368266,-0.05304658785,368266,0.7787759304,368266,-3.599594831,368266,-21.04612732,368266,1.781031013,
368366,0.02022752352,368366,0.02100951225,368366,0.7517030239,368366,-17.95676231,368366,-1.717073321,368366,0.6699622869,
368466,0.04072933644,368466,-0.01763219945,368466,0.7190765142,368466,-10.55458164,368466,-3.265069008,368466,0.1694417447,
368566,-0.01360493805,368566,0.01242423151,368566,0.7297258973,368566,-26.33405685,368566,1.629998088,368566,0.7293946147,
368666,-0.06983507425,368666,0.009712645784,368666,0.8119692206,368666,-21.32112885,368666,5.986237049,368666,-1.32565093,
368766,-0.01934037544,368766,-0.001976628322,368766,0.8452355862,368766,-45.28520203,368766,50.24614334,368766,-0.7751294971,
368866,-0.04981924593,368866,0.007028089836,368866,0.858792305,368866,-4.18475771,368866,18.64684677,368866,1.953013539,
368966,-0.09472895414,368966,0.06426766515,368966,0.8592485785,368966,54.18616486,368966,-30.46998405,368966,9.259620667,
369066,0.11868985,369066,0.1436620057,369066,1.002370238,369066,9.481619835,369066,-1.05762434,369066,1.54997766,
369166,0.1284359396,369166,0.02541184798,369166,0.9298095107,369166,28.63586044,369166,-32.44145203,369166,-5.494949818,
369266,-0.1647341698,369266,-0.1718580276,369266,0.8646386266,369266,21.68817329,369266,-26.37194824,369266,-3.030532837,
369366,-0.03896271065,369366,-0.001967863413,369366,0.992061913,369366,4.281351089,369366,-11.15119267,369366,-4.070577621,
369466,0.003106493969,369466,-0.02339490317,369466,0.8558488488,369466,0.9552463293,369466,-3.620152235,369466,-5.428442001,
369566,-0.140272826,369566,-0.3840183616,369566,1.011372685,369566,2.254961729,369566,0.5633724928,369566,-4.004704952,
369666,-0.2234210968,369666,0.1087679267,369666,0.9351448417,369666,12.56697845,369666,6.142772198,369666,-1.313228369,
369766,-0.02468478307,369766,-0.0004414273717,369766,1.026344895,369766,1.036518455,369766,1.742737889,369766,0.03289845958,
369866,-0.1002806574,369866,0.3145792484,369866,1.024343371,369866,-6.744269371,369866,-15.49109936,369866,0.1774427146,
369966,0.02439453825,369966,0.1167747229,369966,0.8784296513,369966,41.66767502,369966,-30.04763031,369966,-8.697163582,
370066,0.08163038641,370066,0.06048531458,370066,1.136724234,370066,20.36486053,370066,-27.26661491,370066,2.467633009,
370166,0.008441726677,370166,-0.1564606726,370166,0.9695358872,370166,-5.766094685,370166,-2.723869562,370166,4.76632452,
370266,0.05417756364,370266,-0.3047932088,370266,0.8409270644,370266,-6.816464901,370266,2.103890657,370266,1.860781312,
370366,-0.1185065582,370366,-0.3409684598,370366,0.8759758472,370366,-20.65748596,370366,0.1112069488,370366,0.8972136378,
370466,-0.1754238456,370466,0.03918571025,370466,0.9182963967,370466,-3.631192923,370466,-4.03922081,370466,0.9417180419,
370566,-0.01837891713,370566,-0.05816408619,370566,0.9962638617,370566,-3.955345631,370566,-1.913129091,370566,0.4073460698,
370666,-0.07128661871,370666,-0.3670631945,370666,1.009810567,370666,7.433990955,370666,-4.566358566,370666,-3.067755699,
370766,0.02160488069,370766,-0.008907203563,370766,1.195629954,370766,2.305802584,370766,1.739493251,370766,-0.00768137211,
370866,-0.1076349765,370866,0.04063397646,370866,1.099944234,370866,-2.741306305,370866,4.142758846,370866,-2.286609173,
370966,-0.2845922112,370966,0.2338926047,370966,1.03415072,370966,-0.6467624903,370966,3.052373171,370966,-0.8217430115,
371066,0.05078366026,371066,-0.3955046535,371066,1.092986107,371066,-1.793123722,371066,10.0743866,371066,0.8000241518,
371166,0.05383537337,371166,0.02799495496,371166,1.101308227,371166,0.1373148263,371166,8.658882141,371166,2.732140303,
371266,0.01944980398,371266,-0.1260610074,371266,0.971981883,371266,0.5090369582,371266,6.584866047,371266,2.74180913,
371366,0.009206397459,371366,-0.08144314587,371366,1.029187202,371366,6.530952454,371366,-3.678430319,371366,2.393619299,
371466,-0.04987177625,371466,-0.02788517065,371466,0.8941611648,371466,3.721041441,371466,-1.460854053,371466,1.894041896,
371566,-0.1248616353,371566,-0.120828636,371566,0.8591995835,371566,7.026013851,371566,16.68833923,371566,2.393003225,
371666,-0.1122624278,371666,-0.1536343247,371666,0.8346413374,371666,4.585990906,371666,28.62338638,371666,2.404335022,
371766,-0.1187110767,371766,-0.2415750176,371766,0.8605533242,371766,5.706941605,371766,34.05295563,371766,0.6307592988,
371866,0.03649365157,371866,-0.0207054913,371866,0.8366713524,371866,2.226048946,371866,22.30287933,371866,1.485183835,
371966,-0.1739585996,371966,-0.1401738077,371966,0.907305479,371966,4.122308254,371966,-45.76835632,371966,-1.38315618,
372066,0.1049416438,372066,-0.003627359169,372066,0.9190788269,372066,-8.805735588,372066,-30.36664009,372066,1.316831231,
372166,-0.08230447024,372166,0.02882960811,372166,0.8777438998,372166,-10.60504913,372166,-3.71731329,372166,0.5667477846,
372266,-0.05990538374,372266,0.06491485238,372266,0.905338645,372266,-0.2971973717,372266,-0.4999327362,372266,-0.5964642763,
372366,-0.06115636602,372366,-0.1332236528,372366,0.9973940253,372366,0.2081475109,372366,-14.30689907,372366,-2.585850954,
372466,0.03748289868,372466,0.1283562481,372466,0.9468366504,372466,-19.23908424,372466,-28.5075016,372466,-1.834156275,
372566,-0.03459070623,372566,-0.00399678899,372566,0.9037477374,372566,-9.262290001,372566,-10.16109467,372566,-1.846887589,
372666,-0.02869836241,372666,-0.002040975727,372666,0.9182200432,372666,9.167153358,372666,0.5214964151,372666,-2.173511505,
372766,-0.01111630816,372766,0.01473693363,372766,0.9367028475,372766,22.17135048,372766,3.861475945,372766,-1.080994725,
372866,-0.03846266121,372866,-0.1015950516,372866,0.9563769698,372866,-4.311361313,372866,21.53630257,372866,-0.250941962,
372966,-0.01386500429,372966,-0.03387266397,372966,0.9593913555,372966,9.933736801,372966,7.648377895,372966,-0.9013519287,
373066,-0.01243994385,373066,0.07926473022,373066,0.9324717522,373066,-5.665084839,373066,6.205377102,373066,-2.112709045,
373166,-0.0347540006,373166,-0.1310237646,373166,0.9423870444,373166,0.5649266243,373166,2.315112352,373166,0.9204761982,
373266,-0.04298846424,373266,0.03881328553,373266,0.9870215058,373266,-6.896749973,373266,1.661439776,373266,3.810305119,
373366,-0.1633438468,373366,0.07702289522,373366,1.014337063,373366,-6.443406582,373366,13.37960148,373366,1.420149565,
373466,0.05514481291,373466,0.04097931832,373466,0.9137665033,373466,2.086130619,373466,1.062054038,373466,-1.810067773,
373566,-0.08954723179,373566,0.1614176035,373566,1.029680371,373566,-7.091583252,373566,1.867985606,373566,1.770187378,
373666,-0.02565956116,373666,0.005243803374,373666,1.010492206,373666,-0.2100472152,373666,7.117965698,373666,-3.782922983,
373766,-0.01425365359,373766,-0.1914045066,373766,1.054135323,373766,0.4958666861,373766,2.740546227,373766,-2.294093132,
373866,-0.1527390331,373866,0.09737726301,373866,1.023697615,373866,-29.84421539,373866,17.61386108,373866,3.144988775,
373966,-0.1477467716,373966,0.03880384192,373966,0.9526997805,373966,15.42723465,373966,15.43023777,373966,-1.386345029,
374066,0.07244087011,374066,-0.03955568746,374066,1.03984642,374066,14.86581326,374066,0.6288126111,374066,-0.7940294743,
374166,-0.06242729723,374166,0.02407805994,374166,0.7328831553,374166,-4.990777016,374166,0.8057682514,374166,5.134530544,
374266,0.01769874245,374266,0.01010222267,374266,0.4838605523,374266,-1.286412597,374266,5.484965801,374266,7.763681412,
374366,-0.009905901738,374366,-0.007076719776,374366,0.2842738628,374366,11.50609779,374366,-20.95102692,374366,11.61802959,
374466,-0.008896720596,374466,-0.005352016073,374466,0.1505178213,374466,24.51141357,374466,-48.12867737,374466,14.17346859,
374566,0.04639011994,374566,0.01637084968,374566,-0.03060158342,374566,-2.542233706,374566,30.6741581,374566,-1.510346532,
374666,-0.00858834479,374666,-0.002536905464,374666,0.06950837374,374666,14.03306103,374666,17.47187233,374666,-1.845822692,
374766,0.004331135657,374766,0.009670680389,374766,0.04211094975,374766,22.62360191,374766,64.88846588,374766,-9.975880623,
374866,0.09592609107,374866,-0.008244573139,374866,0.8898429275,374866,1.742366672,374866,1.49978447,374866,0.7948690057,
374966,-0.03596286848,374966,-0.004653112497,374966,0.9880176187,374966,0.7694901824,374966,0.06830015033,374966,0.8857684731,
375066,-0.02487856708,375066,-0.0005268937675,375066,0.9963152409,375066,0.03720902652,375066,-0.2540749013,375066,0.07950398326,
375166,-0.02179142833,375166,-0.0008661961183,375166,0.9972215295,375166,0.09331957996,375166,-0.03520914167,375166,0.3925620317,
375266,-0.02441098914,375266,-0.0005928386818,375266,0.9922876358,375266,0.2939335108,375266,-0.02231371962,375266,0.4201013446,
375366,-0.02078775503,375366,-0.003056382528,375366,0.9917463064,375366,0.1940078735,375366,-0.06115081161,375366,0.1323958039,
375466,-0.02306061983,375466,-0.001833448187,375466,0.993463099,375466,0.207809031,375466,-0.2183947414,375466,0.2813893855,
375566,-0.022486642,375566,-0.002795551671,375566,0.9913052917,375566,0.1506201029,375566,-0.1598009169,375566,0.1920272857,
375666,-0.02484416962,375666,-0.001118535991,375666,0.9951353073,375666,0.1269743443,375666,-0.07397255301,375666,0.3254634738,
375766,-0.02334365062,375766,-0.001085173921,375766,0.9972189665,375766,0.1389608532,375766,0.007050292101,375766,0.2066135705,
375866,-0.02232620679,375866,-0.002932887059,375866,0.9943676591,375866,0.09189461172,375866,-0.05858513713,375866,0.1609428674,
375966,-0.0230111666,375966,-0.002029470634,375966,0.9943090081,375966,-0.04096818343,375966,0.01505684108,375966,0.222012639,
376066,-0.02288026921,376066,-0.001551074558,376066,0.9930033684,376066,0.1523613334,376066,-0.1023850739,376066,0.2258433849,
376166,-0.02283257805,376166,-0.0003384092997,376166,0.9941580296,376166,0.1011103019,376166,-0.1719478965,376166,0.1101354286,
376266,-0.02168601193,376266,-0.002933570649,376266,0.996419847,376266,0.1709559858,376266,-0.2336043864,376266,0.1311063766,
376366,-0.02303016931,376366,-0.001740256674,376366,0.994376123,376366,0.1238566637,376366,-0.1139764413,376366,0.2381845564,
376466,-0.02123082802,376466,-0.002271001693,376466,0.9949986339,376466,0.1381426901,376466,-0.1319921464,376466,0.2848268449,
376566,-0.02415889874,376566,-0.001768002403,376566,0.9933255911,376566,0.000905514753,376566,-0.10444507,376566,0.279608041,
376666,-0.02250936627,376666,-0.002302067354,376666,0.9950845838,376666,0.04624124244,376666,-0.0646700561,376666,0.2177070081,
376766,-0.02144901268,376766,-0.002340542153,376766,0.99486655,376766,0.177155748,376766,-0.1319041997,376766,0.2539065182,
376866,-0.02240417339,376866,-0.0007422898198,376866,0.9960392714,376866,0.05815260857,376866,0.03298472241,376866,0.1829144657,
376966,-0.02284464054,376966,-0.001033929177,376966,0.9954481721,376966,0.09740239382,376966,-0.1083674356,376966,0.2139580101,
377066,-0.02196983807,377066,-0.001307922415,377066,0.994936347,377066,0.08305098116,377066,-0.07216867059,377066,0.2259303331,
377166,-0.02340293862,377166,-0.001220089383,377166,0.9946270585,377166,0.1564636528,377166,-0.1226788908,377166,0.2887550294,
377266,-0.02182648145,377266,-0.002437322401,377266,0.9969229698,377266,0.07219585776,377266,-0.07040260732,377266,0.2402847558,
377366,-0.02380819246,377366,-0.001540897065,377366,0.9939181805,377366,0.07346273214,377366,-0.08310507983,377366,0.2636565268,
377466,-0.02216880955,377466,-0.0009979543975,377466,0.9943153262,377466,0.1711463332,377466,-0.04960504174,377466,0.1799743176,
377566,-0.02370646782,377566,-0.001183542772,377566,0.9966122508,377566,0.1189387813,377566,-0.1303882152,377566,0.09749721736,
377666,-0.02282021753,377666,7.89016558e-05,377666,0.9954848289,377666,0.1297907829,377666,-0.02036390081,377666,0.225028649,
377766,-0.02228702046,377766,-0.0004517476191,377766,0.9943315387,377766,0.1307126731,377766,-0.1218355447,377766,0.2422628254,
377866,-0.02441801131,377866,-0.001926755183,377866,0.9930619001,377866,0.1070284173,377866,-0.0480276309,377866,0.2213830799,
377966,-0.02308535762,377966,-0.002712010173,377966,0.9955427051,377966,0.0968907401,377966,-0.09405664355,377966,0.121706143,
378066,-0.02272550762,378066,-0.002958122874,378066,0.9954869151,378066,0.2111578882,378066,-0.0416903235,378066,0.1593085229,
378166,-0.02387886867,378166,-0.001791332499,378166,0.9940199852,378166,0.01727428474,378166,-0.1191273928,378166,0.2328708917,
378266,-0.02301904745,378266,-0.0007378889713,378266,0.9947815537,378266,0.1114439443,378266,-0.08627197891,378266,0.1584478021,
378366,-0.02280776389,378366,-0.002853079699,378366,0.9940407872,378366,0.113261044,378366,-0.0952937454,378366,0.1622842997,
378466,-0.02293836325,378466,-0.004010978155,378466,0.9919664264,378466,0.4305425286,378466,-0.2249200344,378466,0.4288966954,
378566,-0.02499756403,378566,-0.003784058848,378566,0.9926185012,378566,0.2401244491,378566,-0.1805288643,378566,0.2940917015,
378666,-0.02256882563,378666,0.0004088045971,378666,0.9930788279,378666,0.2456145585,378666,-0.2639361322,378666,0.1927100867,
378766,-0.02340131253,378766,-0.001048136619,378766,0.9953888059,378766,0.03055270016,378766,-0.06187244132,378766,0.1227654517,
378866,-0.02305006422,378866,0.0003437563719,378866,0.9964442849,378866,0.2642268538,378866,-0.1266998947,378866,0.1981589943,
378966,-0.0214205049,378966,-0.0005088062608,378966,0.9948922396,378966,0.2136548907,378966,-0.1496601999,378966,0.2385619432,
379066,-0.02243863232,379066,-0.002119198209,379066,0.9936204553,379066,0.1771230251,379066,-0.03549185023,379066,0.2353874892,
379166,-0.01713803038,379166,-0.06891360134,379166,1.003554106,379166,2.243159771,379166,-0.5801096559,379166,1.138805032,
379266,0.03552252799,379266,-0.1573715955,379266,1.065876603,379266,-33.39409256,379266,6.185795784,379266,7.40972662,
379366,0.1035211384,379366,-0.04654699564,379366,0.9785354733,379366,-17.95929146,379366,-13.03258514,379366,-84.70025635,
379466,0.1910509765,379466,-0.1487731934,379466,1.365558386,379466,-19.16197395,379466,67.592453,379466,-169.2905731,
379566,-0.09071396291,379566,-0.3844240308,379566,1.457911253,379566,-107.4314423,379566,84.78983307,379566,-310.3446045,
379666,-0.4423342049,379666,-0.2569298744,379666,1.424857974,379666,-70.31699371,379666,48.08305359,379666,-11.69660378,
379766,-0.4262398183,379766,-0.3232573271,379766,0.8621511459,379766,-131.9461365,379766,41.07824326,379766,14.01283264,
379866,-0.4502700269,379866,-0.2878834307,379866,0.5896419287,379866,-113.1523438,379866,-36.17238617,379866,117.5975647,
379966,-0.5672562122,379966,-0.2250237614,379966,0.5419011116,379966,-16.74930954,379966,44.61379623,379966,51.12379456,
380066,-0.3895320594,380066,-0.15184246,380066,0.2778792977,380066,60.3601799,380066,-17.43734741,380066,53.21782684,
380166,-0.4543290734,380166,-0.2363536358,380166,0.4416104853,380166,32.64677429,380166,-35.07057953,380166,103.3562469,
380266,-0.4879972935,380266,-0.1057359129,380266,0.8696344495,380266,26.22673988,380266,-79.2519455,380266,29.84805298,
380366,-0.5312533975,380366,-0.08940748125,380366,0.7742385268,380366,-2.471753597,380366,-14.81001282,380366,62.9493103,
380466,-0.4924264848,380466,-0.1257860512,380466,0.722673893,380466,-15.26034641,380466,-64.58092499,380466,71.77840424,
380566,-0.4101079404,380566,-0.1331507862,380566,0.7473717332,380566,-6.987037659,380566,10.98655033,380566,29.45077705,
380666,-0.3264731765,380666,-0.132080242,380666,0.7886497378,380666,-22.48559952,380666,-91.86489105,380666,128.0503845,
380766,-0.3724670708,380766,-0.0134573346,380766,0.9223871827,380766,-48.88293457,380766,-35.5201683,380766,97.86001587,
380866,-0.2784869373,380866,-0.07306066155,380866,0.9135254025,380866,-70.66792297,380866,-33.14426041,380866,76.37705231,
380966,-0.2468317449,380966,-0.02275021002,380966,0.9535322189,380966,-19.33086777,380966,-124.505249,380966,36.21881485,
381066,-0.2416329831,381066,-0.2024307698,381066,0.8733268976,381066,58.01898956,381066,72.98057556,381066,20.83443069,
381166,-0.2830707729,381166,-0.07019602507,381166,0.956289053,381166,-70.65080261,381166,-42.72267914,381166,0.573310256,
381266,-0.2424217165,381266,-0.119433701,381266,1.000601768,381266,18.05331802,381266,40.32771683,381266,-18.46395874,
381366,-0.3973778784,381366,-0.2041838914,381366,0.8206528425,381366,-7.605307102,381366,-20.25753784,381366,55.66527557,
381466,-0.2756871879,381466,-0.05370387807,381466,0.9166195989,381466,11.73909283,381466,15.01901245,381466,-1.053839803,
381566,-0.4291177988,381566,-0.150638923,381566,0.8504885435,381566,75.52487183,381566,-22.2869854,381566,72.26360321,
381666,-0.486875236,381666,-0.03075912967,381666,0.9232322574,381666,-45.65031815,381666,22.2213707,381666,28.78550339,
381766,-0.4137144089,381766,0.06080391258,381766,1.004267335,381766,-22.90099716,381766,-1.356764078,381766,70.6839447,
381866,-0.2952077985,381866,-0.06403926015,381866,0.9134344459,381866,6.723644257,381866,-27.60781479,381866,50.24251938,
381966,-0.3792959154,381966,-0.05889731273,381966,0.8977086544,381966,-34.15579224,381966,-27.50452805,381966,16.40476799,
382066,-0.3649843335,382066,-0.008592328988,382066,0.9354220033,382066,34.88971329,382066,13.87916565,382066,27.62619209,
382166,-0.4367239475,382166,0.02193256095,382166,0.9588640332,382166,-23.37685585,382166,31.01014137,382166,-17.32595253,
382266,-0.3080090284,382266,0.05616533384,382266,0.9017776251,382266,10.56694889,382266,-16.76028633,382266,5.840976715,
382366,-0.5027570128,382366,0.1002058685,382366,0.9978783727,382366,10.08510208,382366,-21.39212799,382366,-31.67766762,
382466,-0.4580919743,382466,0.03449165449,382466,0.8608241677,382466,5.887829781,382466,4.461019516,382466,-31.84226036,
382666,-0.2901591957,382666,0.1605927199,382666,0.8676331043,382666,25.50388908,382666,-1.402001381,382666,-35.07077789,
382766,-0.3247332871,382766,0.1355532855,382766,0.913166225,382766,0.7340359688,382766,-9.0626297,382766,-36.65052032,
382866,-0.4092437029,382866,0.0866452828,382866,0.9726750255,382866,-19.75970268,382866,-10.25933647,382866,-13.63027382,
382966,-0.1955684423,382966,0.038588956,382966,0.8472575545,382966,-10.85616398,382966,4.620383739,382966,-34.07826614,
383066,-0.7395937443,383066,-0.1307701617,383066,1.072129726,383066,-66.64588165,383066,24.07055664,383066,-6.089942932,
383166,-0.3286156952,383166,-0.05789661407,383166,0.7268867493,383166,-28.36512566,383166,-14.72881985,383166,-23.14594269,
383266,-0.4537270367,383266,-0.02928437665,383266,0.9413651824,383266,5.595901966,383266,22.08763504,383266,8.204250336,
383366,-0.4286069274,383366,-0.1384624094,383366,0.7744489312,383366,12.97412586,383366,-12.61454868,383366,-0.7685487866,
383466,-0.4523530602,383466,-0.1640644968,383466,0.8693472147,383466,23.06259727,383466,-3.339302778,383466,29.62369919,
383566,-0.5651655793,383566,-0.09915702045,383566,1.006827116,383566,-1.154091358,383566,1.051386118,383566,32.59666824,
383666,-0.3873164952,383666,-0.08433024585,383666,0.778872788,383666,-18.66444397,383666,-0.4861301482,383666,54.28759384,
383766,-0.5902757049,383766,-0.05702206865,383766,0.8335884213,383766,-28.45131111,383766,-5.594545841,383766,80.94963074,
383866,-0.5176275373,383866,0.0004418014432,383866,0.7706292272,383866,-29.37092972,383866,-2.675533295,383866,88.24602509,
383966,-0.6799480319,383966,-0.1099865288,383966,0.9792819619,383966,-37.39943695,383966,31.12200928,383966,140.463089,
384066,-0.5505952835,384066,0.06111458689,384066,1.079655766,384066,-14.1949892,384066,42.11670303,384066,46.12321091,
384166,-0.3546820283,384166,0.01658399776,384166,0.9032455683,384166,-21.35474968,384166,7.886856556,384166,21.8728466,
384266,-0.3811565042,384266,0.0283244215,384266,0.7322905064,384266,6.906862736,384266,-7.553685665,384266,-24.10512543,
384366,-0.318574816,384366,0.04202833399,384366,0.5825135112,384366,-34.79492569,384366,-0.2888557315,384366,-24.7170105,
384466,-0.4611119926,384466,-0.04832136631,384466,0.792386651,384466,-27.51216316,384466,-8.102056503,384466,26.0777874,
384566,-0.5581632853,384566,-0.05446321145,384566,0.7148365378,384566,-43.59401703,384566,18.63822174,384566,44.58644867,
384666,-0.6191111207,384666,-0.131979242,384666,0.6008389592,384666,-29.69067383,384666,36.14868546,384666,97.27783203,
384766,-0.7078704834,384766,-0.05821921676,384766,0.7812437415,384766,-41.63848877,384766,31.79306221,384766,130.7322998,
384866,-0.6856506467,384866,-0.1302432865,384866,0.7750596404,384866,-55.49717331,384866,65.11197662,384866,98.95423126,
384966,-0.7018660903,384966,0.1185584292,384966,0.8722296953,384966,-36.83852005,384966,35.61639023,384966,54.88251114,
385066,-0.8309960365,385066,0.1787540317,385066,0.8660481572,385066,-18.27401924,385066,39.85498428,385066,9.358182907,
385166,-0.9081264734,385166,0.1133204028,385166,0.7978824973,385166,3.713370562,385166,-8.726603508,385166,-3.798580408,
385266,-0.8741784692,385266,0.1419051886,385266,0.7465248704,385266,-0.87948668,385266,-6.52454567,385266,-13.34018612,
385366,-0.7920560241,385366,0.05447082594,385366,0.641156733,385366,-13.26824665,385366,-29.57097054,385366,-18.74709511,
385466,-0.7988455296,385466,-0.02162364684,385466,0.7225775123,385466,-6.317585468,385466,-44.34865189,385466,-12.23176575,
385566,-0.754396081,385566,0.03388412669,385566,0.721850872,385566,-22.49035454,385566,-33.74649811,385566,-22.68675995,
385666,-0.6669920683,385666,0.02790838666,385666,0.7074653506,385666,-7.062877178,385666,-41.65452957,385666,8.023816109,
385766,-0.6244167089,385766,-0.01836896129,385766,0.7150461078,385766,-5.587136745,385766,-28.85072899,385766,6.231669426,
385866,-0.5984547734,385866,-0.02000423521,385866,0.7777418494,385866,-10.12095547,385866,-14.71437454,385866,11.55854416,
385966,-0.5841377974,385966,-0.008601791225,385966,0.8409311175,385966,2.499136925,385966,-11.30629921,385966,21.63680458,
386066,-0.6386514306,386066,-1.201581563e-05,386066,0.8735043406,386066,-16.20900536,386066,-5.093543053,386066,23.21108437,
386166,-0.5624346137,386166,0.01085920818,386166,0.8579143882,386166,-14.29326725,386166,-16.02945328,386166,38.7908287,
386266,-0.5155659318,386266,-0.0176450219,386266,0.8427909017,386266,-20.40057755,386266,-25.45526695,386266,27.75213051,
386366,-0.491678834,386366,0.04360470176,386366,0.9296216965,386366,-7.326890945,386366,-39.67275238,386366,33.64653397,
386466,-0.3997414112,386466,-0.02132049017,386466,0.8220893145,386466,-10.1125927,386466,-26.06887817,386466,22.77212143,
386566,-0.4089027345,386566,-0.1030246243,386566,0.8054867983,386566,-12.05501652,386566,-4.119671345,386566,5.033054829,
386666,-0.3382447958,386666,-0.03432270885,386666,0.904196322,386666,-8.499580383,386666,-14.58240128,386666,5.066180229,
386766,-0.3335184157,386766,-0.1850679964,386766,0.7598843575,386766,17.42748833,386766,10.25026226,386766,-5.526232719,
386866,-0.296335429,386866,-0.04834446684,386866,0.9758740664,386866,13.74205589,386866,11.11893749,386866,12.63965416,
386966,-0.4753406644,386966,-0.019648863,386966,0.9883378148,386966,-2.494127035,386966,11.19344902,386966,27.10926056,
387066,-0.611315012,387066,-0.0245101247,387066,0.9066630006,387066,1.0330832,387066,15.17139816,387066,-1.188331246,
387166,-0.561235249,387166,0.02661620826,387166,0.8879121542,387166,16.86042213,387166,-13.54975986,387166,-31.54083443,
387266,-0.4222718775,387266,-0.09099715948,387266,0.8162084818,387266,36.27682877,387266,-20.51950264,387266,-14.11719322,
387366,-0.2551221251,387366,0.02324401587,387366,0.8340672851,387366,49.56517792,387366,-21.84749031,387366,31.77136612,
387466,-0.3601301908,387466,0.0743496269,387466,0.8416385651,387466,13.86291218,387466,4.330535412,387466,-34.87149811,
387566,-0.4466889203,387566,0.1694726199,387566,0.947989583,387566,6.24483633,387566,22.20488739,387566,-4.392025471,
387666,-0.5342238545,387666,0.1108135581,387666,0.837634325,387666,8.918097496,387666,26.3053894,387666,3.735866785,
387766,-0.427846849,387766,0.2806736529,387766,0.8676985502,387766,42.37966156,387766,57.53106689,387766,2.48081255,
387866,-0.6851732135,387866,0.2062248439,387866,0.7519429922,387866,-35.2461853,387866,50.93143845,387866,-26.57780457,
387966,-0.6308785677,387966,0.2986124158,387966,0.9190107584,387966,105.467514,387966,31.29447556,387966,43.30757904,
388066,-0.6628901958,388066,0.3649240732,388066,0.7321696877,388066,39.9608345,388066,11.5405426,388066,-15.98804379,
388166,-0.6541388035,388166,0.3663664758,388166,0.614166081,388166,9.205101013,388166,60.19757843,388166,23.39490509,
388266,-0.7847577929,388266,0.4211721718,388266,0.4796483219,388266,60.53448486,388266,118.6810455,388266,21.73676491,
388366,-0.8860099316,388366,0.4734280705,388366,0.4792365134,388366,-0.8305943012,388366,-26.52760315,388366,39.01825714,
388466,-0.7608152032,388466,0.4475876391,388466,0.4719103277,388466,-4.259003162,388466,-38.80678177,388466,-16.37298584,
388566,-0.5674033761,388566,0.3943232,388566,0.4794748127,388566,-15.14596367,388566,-44.75823975,388566,-23.0948143,
388666,-0.6599513292,388666,0.3749592006,388666,0.6072974205,388666,-41.61281204,388666,-30.90494728,388666,-33.80194092,
388766,-0.6424558163,388766,0.424000442,388766,0.7270421386,388766,-4.222660065,388766,-42.15295029,388766,-14.51156998,
388866,-0.5012031198,388866,0.3948001266,388866,0.7656254172,388866,-29.95851517,388866,-75.31340027,388866,43.57211685,
388966,-0.360208869,388966,0.4283032417,388966,0.7419184446,388966,4.704380035,388966,-31.91086578,388966,52.69654846,
389066,-0.2733789384,389066,0.4682819545,389066,0.8061259985,389066,0.2453057617,389066,-27.83071136,389066,2.349056244,
389166,-0.2505177557,389166,0.482470423,389166,0.8686931729,389166,-17.74425888,389166,-0.7679154873,389166,5.89687109,
389266,-0.298345238,389266,0.4789810479,389266,0.9031906724,389266,-0.8875498772,389266,17.84473228,389266,-4.762529373,
389366,-0.3541713357,389366,0.4314436913,389366,0.8280735612,389366,1.688265681,389366,-1.272711277,389366,13.6411953,
389466,-0.3171743155,389466,0.4459996521,389466,0.8245378137,389466,-4.331521511,389466,6.735906124,389466,3.67978096,
389566,-0.3243943155,389566,0.4703288674,389566,0.854626894,389566,4.455042839,389566,9.362987518,389566,0.1455459446,
389666,-0.3004133999,389666,0.4584293664,389666,0.8546672463,389666,0.5922698379,389666,-23.99923134,389666,13.78563023,
389766,-0.3310406804,389766,0.4607156813,389766,0.8488345742,389766,51.9413414,389766,11.1410265,389766,-26.68460083,
389866,-0.5786872506,389866,0.6892026663,389866,0.798961103,389866,215.474411,389866,-141.0114899,389866,9.949133873,
389966,0.6966462731,389966,0.8730908632,389966,0.3646926284,389966,-13.81195641,389966,-158.4489441,389966,63.13287735,
390066,0.540797174,390066,0.7345381975,390066,0.4373766184,390066,-87.75114441,390066,-51.51254272,390066,20.54536057,
390166,0.4030002952,390166,0.7093589306,390166,0.6734122634,390166,-74.58942413,390166,-10.01555729,390166,-138.3836823,
390266,0.2822955549,390266,0.3996212482,390266,0.4810245037,390266,-69.52164459,390266,-40.70506668,390266,-32.51764679,
390366,0.2936367989,390366,0.4428736269,390366,0.708016336,390366,-4.74024868,390366,-34.1835022,390366,-87.24463654,
390466,0.3953982592,390466,0.7106223106,390466,0.7186056972,390466,30.73723221,390466,-42.57783127,390466,-15.17087746,
390566,0.3598991036,390566,0.6398375034,390566,0.6091635823,390566,-7.029455662,390566,5.177136421,390566,-38.15551758,
390666,0.267963022,390666,0.6902441382,390666,0.7071969509,390666,-36.62783051,390666,45.18352509,390666,-61.36434937,
390766,0.09586148709,390766,0.5560437441,390766,0.8451007009,390766,-7.397489548,390766,-6.771596909,390766,-4.447910786,
390866,0.08506818861,390866,0.5640856028,390866,0.7659462094,390866,15.32572556,390866,-18.24679565,390866,-18.38610649,
390966,0.09876425564,390966,0.5707709789,390966,0.7262965441,390966,-19.42043686,390966,7.710319042,390966,-9.937371254,
391066,0.1118953899,391066,0.6101036072,391066,0.7971509099,391066,1.41125977,391066,-6.563027859,391066,-21.53606224,
391166,0.1263739169,391166,0.6500896215,391166,0.6994706988,391166,29.57436562,391166,-17.48986053,391166,-4.721109867,
391266,0.00962834619,391266,0.6550405622,391266,0.8530527949,391266,34.88497543,391266,10.1428299,391266,16.62769508,
